ISO-10303-21;
HEADER;
/* Generated by software containing ST-Developer
 * from STEP Tools, Inc. (www.steptools.com) 
 */

FILE_DESCRIPTION(
/* description */ (''),
/* implementation_level */ '2;1');

FILE_NAME(
/* name */ 'Halterung ToF Sensor.step',
/* time_stamp */ '2026-09-10T18:47:26+02:00',
/* author */ (''),
/* organization */ (''),
/* preprocessor_version */ 'ST-DEVELOPER v20.1',
/* originating_system */ 'Autodesk Translation Framework v15.8.0.0',
/* authorisation */ '');

FILE_SCHEMA (('AUTOMOTIVE_DESIGN { 1 0 10303 214 3 1 1 }'));
ENDSEC;

DATA;
#10=MECHANICAL_DESIGN_GEOMETRIC_PRESENTATION_REPRESENTATION('',(#35,#36,
#37,#38),#4644);
#11=ITEM_DEFINED_TRANSFORMATION($,$,#2602,#2627);
#12=ITEM_DEFINED_TRANSFORMATION($,$,#2602,#2628);
#13=ITEM_DEFINED_TRANSFORMATION($,$,#2602,#2629);
#14=ITEM_DEFINED_TRANSFORMATION($,$,#2442,#2630);
#15=ITEM_DEFINED_TRANSFORMATION($,$,#2601,#2631);
#16=(
REPRESENTATION_RELATIONSHIP($,$,#4665,#4664)
REPRESENTATION_RELATIONSHIP_WITH_TRANSFORMATION(#11)
SHAPE_REPRESENTATION_RELATIONSHIP()
);
#17=(
REPRESENTATION_RELATIONSHIP($,$,#4665,#4664)
REPRESENTATION_RELATIONSHIP_WITH_TRANSFORMATION(#12)
SHAPE_REPRESENTATION_RELATIONSHIP()
);
#18=(
REPRESENTATION_RELATIONSHIP($,$,#4665,#4664)
REPRESENTATION_RELATIONSHIP_WITH_TRANSFORMATION(#13)
SHAPE_REPRESENTATION_RELATIONSHIP()
);
#19=(
REPRESENTATION_RELATIONSHIP($,$,#4663,#4662)
REPRESENTATION_RELATIONSHIP_WITH_TRANSFORMATION(#14)
SHAPE_REPRESENTATION_RELATIONSHIP()
);
#20=(
REPRESENTATION_RELATIONSHIP($,$,#4664,#4662)
REPRESENTATION_RELATIONSHIP_WITH_TRANSFORMATION(#15)
SHAPE_REPRESENTATION_RELATIONSHIP()
);
#21=CONTEXT_DEPENDENT_SHAPE_REPRESENTATION(#16,#4657);
#22=CONTEXT_DEPENDENT_SHAPE_REPRESENTATION(#17,#4658);
#23=CONTEXT_DEPENDENT_SHAPE_REPRESENTATION(#18,#4659);
#24=CONTEXT_DEPENDENT_SHAPE_REPRESENTATION(#19,#4660);
#25=CONTEXT_DEPENDENT_SHAPE_REPRESENTATION(#20,#4661);
#26=NEXT_ASSEMBLY_USAGE_OCCURRENCE('Sensor:1','Sensor:1','Sensor:1',#4669,
#4670,'Sensor:1');
#27=NEXT_ASSEMBLY_USAGE_OCCURRENCE('Sensor:6','Sensor:6','Sensor:6',#4669,
#4670,'Sensor:6');
#28=NEXT_ASSEMBLY_USAGE_OCCURRENCE('Sensor:7','Sensor:7','Sensor:7',#4669,
#4670,'Sensor:7');
#29=NEXT_ASSEMBLY_USAGE_OCCURRENCE('Sensor Halterung:1',
'Sensor Halterung:1','Sensor Halterung:1',#4667,#4668,
'Sensor Halterung:1');
#30=NEXT_ASSEMBLY_USAGE_OCCURRENCE('Sensoren:1','Sensoren:1',
'Sensoren:1',#4667,#4669,'Sensoren:1');
#31=SHAPE_REPRESENTATION_RELATIONSHIP('SRR','None',#4663,#33);
#32=SHAPE_REPRESENTATION_RELATIONSHIP('SRR','None',#4665,#34);
#33=ADVANCED_BREP_SHAPE_REPRESENTATION('',(#39),#4641);
#34=ADVANCED_BREP_SHAPE_REPRESENTATION('',(#40),#4643);
#35=STYLED_ITEM('',(#4687),#39);
#36=STYLED_ITEM('',(#4689),#2414);
#37=STYLED_ITEM('',(#4689),#2415);
#38=STYLED_ITEM('',(#4688),#40);
#39=MANIFOLD_SOLID_BREP('K\X\F6rper2',#2416);
#40=MANIFOLD_SOLID_BREP('K\X\F6rper1',#2417);
#41=(
BOUNDED_CURVE()
B_SPLINE_CURVE(5,(#4105,#4106,#4107,#4108,#4109,#4110,#4111,#4112),
 .UNSPECIFIED.,.F.,.F.)
B_SPLINE_CURVE_WITH_KNOTS((6,1,1,6),(-0.51418583552177,-0.4,-0.2,0.),
 .UNSPECIFIED.)
CURVE()
GEOMETRIC_REPRESENTATION_ITEM()
RATIONAL_B_SPLINE_CURVE((1.,1.,1.,1.,1.,1.,1.,1.))
REPRESENTATION_ITEM('')
);
#42=(
BOUNDED_CURVE()
B_SPLINE_CURVE(5,(#4151,#4152,#4153,#4154,#4155,#4156,#4157,#4158),
 .UNSPECIFIED.,.F.,.F.)
B_SPLINE_CURVE_WITH_KNOTS((6,1,1,6),(0.,0.2,0.4,0.514185835521774),
 .UNSPECIFIED.)
CURVE()
GEOMETRIC_REPRESENTATION_ITEM()
RATIONAL_B_SPLINE_CURVE((1.,1.,1.,1.,1.,1.,1.,1.))
REPRESENTATION_ITEM('')
);
#43=(
BOUNDED_CURVE()
B_SPLINE_CURVE(5,(#4214,#4215,#4216,#4217,#4218,#4219,#4220,#4221),
 .UNSPECIFIED.,.F.,.F.)
B_SPLINE_CURVE_WITH_KNOTS((6,1,1,6),(-0.514185835521771,-0.4,-0.2,0.),
 .UNSPECIFIED.)
CURVE()
GEOMETRIC_REPRESENTATION_ITEM()
RATIONAL_B_SPLINE_CURVE((1.,1.,1.,1.,1.,1.,1.,1.))
REPRESENTATION_ITEM('')
);
#44=(
BOUNDED_CURVE()
B_SPLINE_CURVE(5,(#4299,#4300,#4301,#4302,#4303,#4304,#4305,#4306),
 .UNSPECIFIED.,.F.,.F.)
B_SPLINE_CURVE_WITH_KNOTS((6,1,1,6),(0.,0.2,0.4,0.514185835521771),
 .UNSPECIFIED.)
CURVE()
GEOMETRIC_REPRESENTATION_ITEM()
RATIONAL_B_SPLINE_CURVE((1.,1.,1.,1.,1.,1.,1.,1.))
REPRESENTATION_ITEM('')
);
#45=(
BOUNDED_CURVE()
B_SPLINE_CURVE(5,(#4370,#4371,#4372,#4373,#4374,#4375,#4376,#4377),
 .UNSPECIFIED.,.F.,.F.)
B_SPLINE_CURVE_WITH_KNOTS((6,1,1,6),(-0.514185835521774,-0.4,-0.2,0.),
 .UNSPECIFIED.)
CURVE()
GEOMETRIC_REPRESENTATION_ITEM()
RATIONAL_B_SPLINE_CURVE((1.,1.,1.,1.,1.,1.,1.,1.))
REPRESENTATION_ITEM('')
);
#46=(
BOUNDED_CURVE()
B_SPLINE_CURVE(5,(#4455,#4456,#4457,#4458,#4459,#4460,#4461,#4462),
 .UNSPECIFIED.,.F.,.F.)
B_SPLINE_CURVE_WITH_KNOTS((6,1,1,6),(0.,0.2,0.4,0.514185835521772),
 .UNSPECIFIED.)
CURVE()
GEOMETRIC_REPRESENTATION_ITEM()
RATIONAL_B_SPLINE_CURVE((1.,1.,1.,1.,1.,1.,1.,1.))
REPRESENTATION_ITEM('')
);
#47=(
BOUNDED_SURFACE()
B_SPLINE_SURFACE(5,1,((#4043,#4044),(#4045,#4046),(#4047,#4048),(#4049,
#4050),(#4051,#4052),(#4053,#4054),(#4055,#4056),(#4057,#4058),(#4059,#4060),
(#4061,#4062)),.UNSPECIFIED.,.F.,.F.,.F.)
B_SPLINE_SURFACE_WITH_KNOTS((6,1,1,1,1,6),(2,2),(0.,0.2,0.4,0.6,0.8,1.),
(-3.5,0.5),.UNSPECIFIED.)
GEOMETRIC_REPRESENTATION_ITEM()
RATIONAL_B_SPLINE_SURFACE(((1.,1.),(1.,1.),(1.,1.),(1.,1.),(1.,1.),(1.,
1.),(1.,1.),(1.,1.),(1.,1.),(1.,1.)))
REPRESENTATION_ITEM('')
SURFACE()
);
#48=(
BOUNDED_SURFACE()
B_SPLINE_SURFACE(5,1,((#4113,#4114),(#4115,#4116),(#4117,#4118),(#4119,
#4120),(#4121,#4122),(#4123,#4124),(#4125,#4126),(#4127,#4128),(#4129,#4130),
(#4131,#4132)),.UNSPECIFIED.,.F.,.F.,.F.)
B_SPLINE_SURFACE_WITH_KNOTS((6,1,1,1,1,6),(2,2),(-1.,-0.8,-0.6,-0.4,-0.2,
0.),(-3.5,0.5),.UNSPECIFIED.)
GEOMETRIC_REPRESENTATION_ITEM()
RATIONAL_B_SPLINE_SURFACE(((1.,1.),(1.,1.),(1.,1.),(1.,1.),(1.,1.),(1.,
1.),(1.,1.),(1.,1.),(1.,1.),(1.,1.)))
REPRESENTATION_ITEM('')
SURFACE()
);
#49=(
BOUNDED_SURFACE()
B_SPLINE_SURFACE(5,1,((#4193,#4194),(#4195,#4196),(#4197,#4198),(#4199,
#4200),(#4201,#4202),(#4203,#4204),(#4205,#4206),(#4207,#4208),(#4209,#4210),
(#4211,#4212)),.UNSPECIFIED.,.F.,.F.,.F.)
B_SPLINE_SURFACE_WITH_KNOTS((6,1,1,1,1,6),(2,2),(0.,0.2,0.4,0.6,0.8,1.),
(-3.5,0.5),.UNSPECIFIED.)
GEOMETRIC_REPRESENTATION_ITEM()
RATIONAL_B_SPLINE_SURFACE(((1.,1.),(1.,1.),(1.,1.),(1.,1.),(1.,1.),(1.,
1.),(1.,1.),(1.,1.),(1.,1.),(1.,1.)))
REPRESENTATION_ITEM('')
SURFACE()
);
#50=(
BOUNDED_SURFACE()
B_SPLINE_SURFACE(5,1,((#4263,#4264),(#4265,#4266),(#4267,#4268),(#4269,
#4270),(#4271,#4272),(#4273,#4274),(#4275,#4276),(#4277,#4278),(#4279,#4280),
(#4281,#4282)),.UNSPECIFIED.,.F.,.F.,.F.)
B_SPLINE_SURFACE_WITH_KNOTS((6,1,1,1,1,6),(2,2),(-1.,-0.8,-0.6,-0.4,-0.2,
0.),(-3.5,0.5),.UNSPECIFIED.)
GEOMETRIC_REPRESENTATION_ITEM()
RATIONAL_B_SPLINE_SURFACE(((1.,1.),(1.,1.),(1.,1.),(1.,1.),(1.,1.),(1.,
1.),(1.,1.),(1.,1.),(1.,1.),(1.,1.)))
REPRESENTATION_ITEM('')
SURFACE()
);
#51=(
BOUNDED_SURFACE()
B_SPLINE_SURFACE(5,1,((#4349,#4350),(#4351,#4352),(#4353,#4354),(#4355,
#4356),(#4357,#4358),(#4359,#4360),(#4361,#4362),(#4363,#4364),(#4365,#4366),
(#4367,#4368)),.UNSPECIFIED.,.F.,.F.,.F.)
B_SPLINE_SURFACE_WITH_KNOTS((6,1,1,1,1,6),(2,2),(0.,0.2,0.4,0.6,0.8,1.),
(-3.5,0.5),.UNSPECIFIED.)
GEOMETRIC_REPRESENTATION_ITEM()
RATIONAL_B_SPLINE_SURFACE(((1.,1.),(1.,1.),(1.,1.),(1.,1.),(1.,1.),(1.,
1.),(1.,1.),(1.,1.),(1.,1.),(1.,1.)))
REPRESENTATION_ITEM('')
SURFACE()
);
#52=(
BOUNDED_SURFACE()
B_SPLINE_SURFACE(5,1,((#4419,#4420),(#4421,#4422),(#4423,#4424),(#4425,
#4426),(#4427,#4428),(#4429,#4430),(#4431,#4432),(#4433,#4434),(#4435,#4436),
(#4437,#4438)),.UNSPECIFIED.,.F.,.F.,.F.)
B_SPLINE_SURFACE_WITH_KNOTS((6,1,1,1,1,6),(2,2),(-1.,-0.8,-0.6,-0.4,-0.2,
0.),(-3.5,0.5),.UNSPECIFIED.)
GEOMETRIC_REPRESENTATION_ITEM()
RATIONAL_B_SPLINE_SURFACE(((1.,1.),(1.,1.),(1.,1.),(1.,1.),(1.,1.),(1.,
1.),(1.,1.),(1.,1.),(1.,1.),(1.,1.)))
REPRESENTATION_ITEM('')
SURFACE()
);
#53=FACE_BOUND('',#331,.T.);
#54=FACE_BOUND('',#349,.T.);
#55=FACE_BOUND('',#357,.T.);
#56=FACE_BOUND('',#366,.T.);
#57=FACE_BOUND('',#377,.T.);
#58=FACE_BOUND('',#385,.T.);
#59=FACE_BOUND('',#390,.T.);
#60=FACE_BOUND('',#410,.T.);
#61=FACE_BOUND('',#411,.T.);
#62=FACE_BOUND('',#413,.T.);
#63=FACE_BOUND('',#414,.T.);
#64=ELLIPSE('',#2462,7.76457135307562,7.5);
#65=ELLIPSE('',#2512,7.76457135307562,7.5);
#66=ELLIPSE('',#2513,28.977774788672,7.5);
#67=ELLIPSE('',#2519,28.977774788672,7.5);
#68=PLANE('',#2449);
#69=PLANE('',#2453);
#70=PLANE('',#2457);
#71=PLANE('',#2458);
#72=PLANE('',#2461);
#73=PLANE('',#2463);
#74=PLANE('',#2466);
#75=PLANE('',#2467);
#76=PLANE('',#2472);
#77=PLANE('',#2475);
#78=PLANE('',#2476);
#79=PLANE('',#2477);
#80=PLANE('',#2480);
#81=PLANE('',#2483);
#82=PLANE('',#2486);
#83=PLANE('',#2487);
#84=PLANE('',#2488);
#85=PLANE('',#2489);
#86=PLANE('',#2492);
#87=PLANE('',#2493);
#88=PLANE('',#2494);
#89=PLANE('',#2495);
#90=PLANE('',#2496);
#91=PLANE('',#2497);
#92=PLANE('',#2498);
#93=PLANE('',#2499);
#94=PLANE('',#2500);
#95=PLANE('',#2505);
#96=PLANE('',#2506);
#97=PLANE('',#2507);
#98=PLANE('',#2508);
#99=PLANE('',#2514);
#100=PLANE('',#2515);
#101=PLANE('',#2516);
#102=PLANE('',#2522);
#103=PLANE('',#2523);
#104=PLANE('',#2524);
#105=PLANE('',#2525);
#106=PLANE('',#2527);
#107=PLANE('',#2528);
#108=PLANE('',#2529);
#109=PLANE('',#2530);
#110=PLANE('',#2531);
#111=PLANE('',#2532);
#112=PLANE('',#2533);
#113=PLANE('',#2534);
#114=PLANE('',#2535);
#115=PLANE('',#2536);
#116=PLANE('',#2537);
#117=PLANE('',#2538);
#118=PLANE('',#2539);
#119=PLANE('',#2540);
#120=PLANE('',#2543);
#121=PLANE('',#2546);
#122=PLANE('',#2547);
#123=PLANE('',#2548);
#124=PLANE('',#2549);
#125=PLANE('',#2552);
#126=PLANE('',#2555);
#127=PLANE('',#2556);
#128=PLANE('',#2557);
#129=PLANE('',#2558);
#130=PLANE('',#2559);
#131=PLANE('',#2562);
#132=PLANE('',#2568);
#133=PLANE('',#2572);
#134=PLANE('',#2578);
#135=PLANE('',#2579);
#136=PLANE('',#2583);
#137=PLANE('',#2589);
#138=PLANE('',#2590);
#139=PLANE('',#2596);
#140=PLANE('',#2597);
#141=PLANE('',#2598);
#142=PLANE('',#2599);
#143=PLANE('',#2600);
#144=PLANE('',#2609);
#145=PLANE('',#2610);
#146=PLANE('',#2611);
#147=PLANE('',#2615);
#148=PLANE('',#2616);
#149=PLANE('',#2617);
#150=PLANE('',#2618);
#151=PLANE('',#2619);
#152=PLANE('',#2623);
#153=PLANE('',#2624);
#154=PLANE('',#2625);
#155=PLANE('',#2626);
#156=FACE_OUTER_BOUND('',#280,.T.);
#157=FACE_OUTER_BOUND('',#281,.T.);
#158=FACE_OUTER_BOUND('',#282,.T.);
#159=FACE_OUTER_BOUND('',#283,.T.);
#160=FACE_OUTER_BOUND('',#284,.T.);
#161=FACE_OUTER_BOUND('',#285,.T.);
#162=FACE_OUTER_BOUND('',#286,.T.);
#163=FACE_OUTER_BOUND('',#287,.T.);
#164=FACE_OUTER_BOUND('',#288,.T.);
#165=FACE_OUTER_BOUND('',#289,.T.);
#166=FACE_OUTER_BOUND('',#290,.T.);
#167=FACE_OUTER_BOUND('',#291,.T.);
#168=FACE_OUTER_BOUND('',#292,.T.);
#169=FACE_OUTER_BOUND('',#293,.T.);
#170=FACE_OUTER_BOUND('',#294,.T.);
#171=FACE_OUTER_BOUND('',#295,.T.);
#172=FACE_OUTER_BOUND('',#296,.T.);
#173=FACE_OUTER_BOUND('',#297,.T.);
#174=FACE_OUTER_BOUND('',#298,.T.);
#175=FACE_OUTER_BOUND('',#299,.T.);
#176=FACE_OUTER_BOUND('',#300,.T.);
#177=FACE_OUTER_BOUND('',#301,.T.);
#178=FACE_OUTER_BOUND('',#302,.T.);
#179=FACE_OUTER_BOUND('',#303,.T.);
#180=FACE_OUTER_BOUND('',#304,.T.);
#181=FACE_OUTER_BOUND('',#305,.T.);
#182=FACE_OUTER_BOUND('',#306,.T.);
#183=FACE_OUTER_BOUND('',#307,.T.);
#184=FACE_OUTER_BOUND('',#308,.T.);
#185=FACE_OUTER_BOUND('',#309,.T.);
#186=FACE_OUTER_BOUND('',#310,.T.);
#187=FACE_OUTER_BOUND('',#311,.T.);
#188=FACE_OUTER_BOUND('',#312,.T.);
#189=FACE_OUTER_BOUND('',#313,.T.);
#190=FACE_OUTER_BOUND('',#314,.T.);
#191=FACE_OUTER_BOUND('',#315,.T.);
#192=FACE_OUTER_BOUND('',#316,.T.);
#193=FACE_OUTER_BOUND('',#317,.T.);
#194=FACE_OUTER_BOUND('',#318,.T.);
#195=FACE_OUTER_BOUND('',#319,.T.);
#196=FACE_OUTER_BOUND('',#320,.T.);
#197=FACE_OUTER_BOUND('',#321,.T.);
#198=FACE_OUTER_BOUND('',#322,.T.);
#199=FACE_OUTER_BOUND('',#323,.T.);
#200=FACE_OUTER_BOUND('',#324,.T.);
#201=FACE_OUTER_BOUND('',#325,.T.);
#202=FACE_OUTER_BOUND('',#326,.T.);
#203=FACE_OUTER_BOUND('',#327,.T.);
#204=FACE_OUTER_BOUND('',#328,.T.);
#205=FACE_OUTER_BOUND('',#329,.T.);
#206=FACE_OUTER_BOUND('',#330,.T.);
#207=FACE_OUTER_BOUND('',#332,.T.);
#208=FACE_OUTER_BOUND('',#333,.T.);
#209=FACE_OUTER_BOUND('',#334,.T.);
#210=FACE_OUTER_BOUND('',#335,.T.);
#211=FACE_OUTER_BOUND('',#336,.T.);
#212=FACE_OUTER_BOUND('',#337,.T.);
#213=FACE_OUTER_BOUND('',#338,.T.);
#214=FACE_OUTER_BOUND('',#339,.T.);
#215=FACE_OUTER_BOUND('',#340,.T.);
#216=FACE_OUTER_BOUND('',#341,.T.);
#217=FACE_OUTER_BOUND('',#342,.T.);
#218=FACE_OUTER_BOUND('',#343,.T.);
#219=FACE_OUTER_BOUND('',#344,.T.);
#220=FACE_OUTER_BOUND('',#345,.T.);
#221=FACE_OUTER_BOUND('',#346,.T.);
#222=FACE_OUTER_BOUND('',#347,.T.);
#223=FACE_OUTER_BOUND('',#348,.T.);
#224=FACE_OUTER_BOUND('',#350,.T.);
#225=FACE_OUTER_BOUND('',#351,.T.);
#226=FACE_OUTER_BOUND('',#352,.T.);
#227=FACE_OUTER_BOUND('',#353,.T.);
#228=FACE_OUTER_BOUND('',#354,.T.);
#229=FACE_OUTER_BOUND('',#355,.T.);
#230=FACE_OUTER_BOUND('',#356,.T.);
#231=FACE_OUTER_BOUND('',#358,.T.);
#232=FACE_OUTER_BOUND('',#359,.T.);
#233=FACE_OUTER_BOUND('',#360,.T.);
#234=FACE_OUTER_BOUND('',#361,.T.);
#235=FACE_OUTER_BOUND('',#362,.T.);
#236=FACE_OUTER_BOUND('',#363,.T.);
#237=FACE_OUTER_BOUND('',#364,.T.);
#238=FACE_OUTER_BOUND('',#365,.T.);
#239=FACE_OUTER_BOUND('',#367,.T.);
#240=FACE_OUTER_BOUND('',#368,.T.);
#241=FACE_OUTER_BOUND('',#369,.T.);
#242=FACE_OUTER_BOUND('',#370,.T.);
#243=FACE_OUTER_BOUND('',#371,.T.);
#244=FACE_OUTER_BOUND('',#372,.T.);
#245=FACE_OUTER_BOUND('',#373,.T.);
#246=FACE_OUTER_BOUND('',#374,.T.);
#247=FACE_OUTER_BOUND('',#375,.T.);
#248=FACE_OUTER_BOUND('',#376,.T.);
#249=FACE_OUTER_BOUND('',#378,.T.);
#250=FACE_OUTER_BOUND('',#379,.T.);
#251=FACE_OUTER_BOUND('',#380,.T.);
#252=FACE_OUTER_BOUND('',#381,.T.);
#253=FACE_OUTER_BOUND('',#382,.T.);
#254=FACE_OUTER_BOUND('',#383,.T.);
#255=FACE_OUTER_BOUND('',#384,.T.);
#256=FACE_OUTER_BOUND('',#386,.T.);
#257=FACE_OUTER_BOUND('',#387,.T.);
#258=FACE_OUTER_BOUND('',#388,.T.);
#259=FACE_OUTER_BOUND('',#389,.T.);
#260=FACE_OUTER_BOUND('',#391,.T.);
#261=FACE_OUTER_BOUND('',#392,.T.);
#262=FACE_OUTER_BOUND('',#393,.T.);
#263=FACE_OUTER_BOUND('',#394,.T.);
#264=FACE_OUTER_BOUND('',#395,.T.);
#265=FACE_OUTER_BOUND('',#396,.T.);
#266=FACE_OUTER_BOUND('',#397,.T.);
#267=FACE_OUTER_BOUND('',#398,.T.);
#268=FACE_OUTER_BOUND('',#399,.T.);
#269=FACE_OUTER_BOUND('',#400,.T.);
#270=FACE_OUTER_BOUND('',#401,.T.);
#271=FACE_OUTER_BOUND('',#402,.T.);
#272=FACE_OUTER_BOUND('',#403,.T.);
#273=FACE_OUTER_BOUND('',#404,.T.);
#274=FACE_OUTER_BOUND('',#405,.T.);
#275=FACE_OUTER_BOUND('',#406,.T.);
#276=FACE_OUTER_BOUND('',#407,.T.);
#277=FACE_OUTER_BOUND('',#408,.T.);
#278=FACE_OUTER_BOUND('',#409,.T.);
#279=FACE_OUTER_BOUND('',#412,.T.);
#280=EDGE_LOOP('',(#1572,#1573,#1574,#1575,#1576,#1577,#1578,#1579));
#281=EDGE_LOOP('',(#1580,#1581,#1582,#1583,#1584));
#282=EDGE_LOOP('',(#1585,#1586,#1587,#1588));
#283=EDGE_LOOP('',(#1589,#1590,#1591,#1592,#1593));
#284=EDGE_LOOP('',(#1594,#1595,#1596));
#285=EDGE_LOOP('',(#1597,#1598,#1599,#1600));
#286=EDGE_LOOP('',(#1601,#1602,#1603,#1604,#1605,#1606,#1607,#1608,#1609));
#287=EDGE_LOOP('',(#1610,#1611,#1612,#1613,#1614,#1615,#1616,#1617,#1618,
#1619));
#288=EDGE_LOOP('',(#1620,#1621,#1622));
#289=EDGE_LOOP('',(#1623,#1624,#1625,#1626,#1627,#1628));
#290=EDGE_LOOP('',(#1629,#1630,#1631));
#291=EDGE_LOOP('',(#1632,#1633,#1634,#1635,#1636,#1637,#1638,#1639,#1640,
#1641,#1642,#1643,#1644,#1645,#1646,#1647,#1648,#1649));
#292=EDGE_LOOP('',(#1650,#1651,#1652,#1653));
#293=EDGE_LOOP('',(#1654,#1655,#1656,#1657));
#294=EDGE_LOOP('',(#1658,#1659,#1660,#1661));
#295=EDGE_LOOP('',(#1662,#1663,#1664,#1665));
#296=EDGE_LOOP('',(#1666,#1667,#1668,#1669));
#297=EDGE_LOOP('',(#1670,#1671,#1672,#1673,#1674,#1675,#1676,#1677,#1678,
#1679,#1680,#1681,#1682,#1683,#1684,#1685,#1686,#1687));
#298=EDGE_LOOP('',(#1688,#1689,#1690,#1691,#1692,#1693));
#299=EDGE_LOOP('',(#1694,#1695,#1696,#1697));
#300=EDGE_LOOP('',(#1698,#1699,#1700,#1701));
#301=EDGE_LOOP('',(#1702,#1703,#1704,#1705));
#302=EDGE_LOOP('',(#1706,#1707,#1708,#1709));
#303=EDGE_LOOP('',(#1710,#1711,#1712,#1713));
#304=EDGE_LOOP('',(#1714,#1715,#1716,#1717));
#305=EDGE_LOOP('',(#1718,#1719,#1720,#1721));
#306=EDGE_LOOP('',(#1722,#1723,#1724,#1725));
#307=EDGE_LOOP('',(#1726,#1727,#1728,#1729));
#308=EDGE_LOOP('',(#1730,#1731,#1732,#1733));
#309=EDGE_LOOP('',(#1734,#1735,#1736,#1737));
#310=EDGE_LOOP('',(#1738,#1739,#1740,#1741));
#311=EDGE_LOOP('',(#1742,#1743,#1744,#1745));
#312=EDGE_LOOP('',(#1746,#1747,#1748,#1749));
#313=EDGE_LOOP('',(#1750,#1751,#1752,#1753));
#314=EDGE_LOOP('',(#1754,#1755,#1756,#1757));
#315=EDGE_LOOP('',(#1758,#1759,#1760,#1761,#1762,#1763,#1764,#1765,#1766,
#1767,#1768,#1769));
#316=EDGE_LOOP('',(#1770,#1771,#1772,#1773));
#317=EDGE_LOOP('',(#1774,#1775,#1776,#1777));
#318=EDGE_LOOP('',(#1778,#1779,#1780,#1781,#1782,#1783,#1784));
#319=EDGE_LOOP('',(#1785,#1786,#1787,#1788,#1789,#1790,#1791));
#320=EDGE_LOOP('',(#1792,#1793,#1794,#1795));
#321=EDGE_LOOP('',(#1796,#1797,#1798,#1799));
#322=EDGE_LOOP('',(#1800,#1801,#1802,#1803,#1804,#1805));
#323=EDGE_LOOP('',(#1806,#1807,#1808,#1809,#1810,#1811,#1812,#1813));
#324=EDGE_LOOP('',(#1814,#1815,#1816,#1817,#1818,#1819));
#325=EDGE_LOOP('',(#1820,#1821,#1822,#1823,#1824,#1825,#1826,#1827,#1828,
#1829,#1830));
#326=EDGE_LOOP('',(#1831,#1832,#1833,#1834,#1835,#1836));
#327=EDGE_LOOP('',(#1837,#1838,#1839,#1840,#1841,#1842,#1843,#1844));
#328=EDGE_LOOP('',(#1845,#1846,#1847,#1848,#1849,#1850,#1851,#1852,#1853));
#329=EDGE_LOOP('',(#1854,#1855,#1856));
#330=EDGE_LOOP('',(#1857,#1858,#1859,#1860,#1861,#1862,#1863,#1864,#1865,
#1866));
#331=EDGE_LOOP('',(#1867,#1868,#1869,#1870));
#332=EDGE_LOOP('',(#1871,#1872,#1873,#1874));
#333=EDGE_LOOP('',(#1875,#1876,#1877,#1878,#1879,#1880,#1881,#1882,#1883,
#1884,#1885,#1886,#1887,#1888,#1889,#1890));
#334=EDGE_LOOP('',(#1891,#1892,#1893,#1894));
#335=EDGE_LOOP('',(#1895,#1896,#1897,#1898,#1899,#1900,#1901,#1902,#1903,
#1904));
#336=EDGE_LOOP('',(#1905,#1906,#1907,#1908,#1909,#1910,#1911,#1912,#1913,
#1914,#1915));
#337=EDGE_LOOP('',(#1916,#1917,#1918,#1919,#1920,#1921));
#338=EDGE_LOOP('',(#1922,#1923,#1924,#1925));
#339=EDGE_LOOP('',(#1926,#1927,#1928,#1929));
#340=EDGE_LOOP('',(#1930,#1931,#1932,#1933));
#341=EDGE_LOOP('',(#1934,#1935,#1936,#1937,#1938,#1939,#1940,#1941,#1942,
#1943,#1944,#1945));
#342=EDGE_LOOP('',(#1946,#1947,#1948,#1949,#1950,#1951));
#343=EDGE_LOOP('',(#1952,#1953,#1954,#1955,#1956,#1957));
#344=EDGE_LOOP('',(#1958,#1959,#1960,#1961));
#345=EDGE_LOOP('',(#1962,#1963,#1964,#1965));
#346=EDGE_LOOP('',(#1966,#1967,#1968,#1969));
#347=EDGE_LOOP('',(#1970,#1971,#1972,#1973,#1974,#1975));
#348=EDGE_LOOP('',(#1976,#1977,#1978,#1979));
#349=EDGE_LOOP('',(#1980));
#350=EDGE_LOOP('',(#1981,#1982,#1983,#1984,#1985,#1986,#1987,#1988,#1989,
#1990,#1991,#1992));
#351=EDGE_LOOP('',(#1993,#1994,#1995,#1996,#1997,#1998,#1999,#2000));
#352=EDGE_LOOP('',(#2001,#2002,#2003,#2004,#2005,#2006,#2007,#2008));
#353=EDGE_LOOP('',(#2009,#2010,#2011,#2012));
#354=EDGE_LOOP('',(#2013,#2014,#2015,#2016));
#355=EDGE_LOOP('',(#2017,#2018,#2019,#2020,#2021,#2022));
#356=EDGE_LOOP('',(#2023,#2024,#2025,#2026));
#357=EDGE_LOOP('',(#2027));
#358=EDGE_LOOP('',(#2028,#2029,#2030,#2031,#2032,#2033,#2034,#2035,#2036,
#2037,#2038,#2039));
#359=EDGE_LOOP('',(#2040,#2041,#2042,#2043,#2044,#2045,#2046,#2047,#2048,
#2049,#2050,#2051));
#360=EDGE_LOOP('',(#2052,#2053,#2054,#2055,#2056,#2057));
#361=EDGE_LOOP('',(#2058,#2059,#2060,#2061,#2062,#2063));
#362=EDGE_LOOP('',(#2064,#2065,#2066,#2067));
#363=EDGE_LOOP('',(#2068,#2069,#2070,#2071));
#364=EDGE_LOOP('',(#2072,#2073,#2074,#2075));
#365=EDGE_LOOP('',(#2076,#2077,#2078,#2079));
#366=EDGE_LOOP('',(#2080));
#367=EDGE_LOOP('',(#2081,#2082,#2083,#2084,#2085,#2086,#2087,#2088,#2089,
#2090,#2091,#2092));
#368=EDGE_LOOP('',(#2093,#2094,#2095,#2096));
#369=EDGE_LOOP('',(#2097,#2098,#2099,#2100));
#370=EDGE_LOOP('',(#2101));
#371=EDGE_LOOP('',(#2102,#2103,#2104,#2105));
#372=EDGE_LOOP('',(#2106,#2107,#2108,#2109));
#373=EDGE_LOOP('',(#2110));
#374=EDGE_LOOP('',(#2111,#2112,#2113,#2114));
#375=EDGE_LOOP('',(#2115,#2116,#2117,#2118));
#376=EDGE_LOOP('',(#2119,#2120,#2121,#2122));
#377=EDGE_LOOP('',(#2123));
#378=EDGE_LOOP('',(#2124));
#379=EDGE_LOOP('',(#2125,#2126,#2127,#2128));
#380=EDGE_LOOP('',(#2129,#2130,#2131,#2132));
#381=EDGE_LOOP('',(#2133));
#382=EDGE_LOOP('',(#2134,#2135,#2136,#2137));
#383=EDGE_LOOP('',(#2138,#2139,#2140,#2141));
#384=EDGE_LOOP('',(#2142,#2143,#2144,#2145));
#385=EDGE_LOOP('',(#2146));
#386=EDGE_LOOP('',(#2147));
#387=EDGE_LOOP('',(#2148,#2149,#2150,#2151));
#388=EDGE_LOOP('',(#2152,#2153,#2154,#2155));
#389=EDGE_LOOP('',(#2156,#2157,#2158,#2159));
#390=EDGE_LOOP('',(#2160));
#391=EDGE_LOOP('',(#2161));
#392=EDGE_LOOP('',(#2162,#2163,#2164,#2165));
#393=EDGE_LOOP('',(#2166,#2167,#2168,#2169));
#394=EDGE_LOOP('',(#2170,#2171,#2172,#2173,#2174,#2175,#2176,#2177));
#395=EDGE_LOOP('',(#2178,#2179,#2180,#2181));
#396=EDGE_LOOP('',(#2182,#2183,#2184,#2185));
#397=EDGE_LOOP('',(#2186,#2187,#2188,#2189));
#398=EDGE_LOOP('',(#2190,#2191,#2192,#2193));
#399=EDGE_LOOP('',(#2194,#2195,#2196,#2197));
#400=EDGE_LOOP('',(#2198,#2199,#2200,#2201));
#401=EDGE_LOOP('',(#2202,#2203,#2204,#2205));
#402=EDGE_LOOP('',(#2206,#2207,#2208,#2209));
#403=EDGE_LOOP('',(#2210,#2211,#2212,#2213));
#404=EDGE_LOOP('',(#2214,#2215,#2216,#2217));
#405=EDGE_LOOP('',(#2218,#2219,#2220,#2221));
#406=EDGE_LOOP('',(#2222,#2223,#2224,#2225));
#407=EDGE_LOOP('',(#2226,#2227,#2228,#2229));
#408=EDGE_LOOP('',(#2230,#2231,#2232,#2233));
#409=EDGE_LOOP('',(#2234,#2235,#2236,#2237,#2238,#2239,#2240,#2241,#2242,
#2243,#2244,#2245));
#410=EDGE_LOOP('',(#2246));
#411=EDGE_LOOP('',(#2247));
#412=EDGE_LOOP('',(#2248,#2249,#2250,#2251,#2252,#2253,#2254,#2255,#2256,
#2257,#2258,#2259));
#413=EDGE_LOOP('',(#2260));
#414=EDGE_LOOP('',(#2261));
#415=CIRCLE('',#2444,7.);
#416=CIRCLE('',#2445,7.);
#417=CIRCLE('',#2447,3.);
#418=CIRCLE('',#2448,3.);
#419=CIRCLE('',#2451,3.);
#420=CIRCLE('',#2452,3.);
#421=CIRCLE('',#2455,4.5);
#422=CIRCLE('',#2456,4.5);
#423=CIRCLE('',#2459,3.);
#424=CIRCLE('',#2460,3.);
#425=CIRCLE('',#2464,3.);
#426=CIRCLE('',#2465,3.);
#427=CIRCLE('',#2468,4.);
#428=CIRCLE('',#2469,4.);
#429=CIRCLE('',#2471,3.);
#430=CIRCLE('',#2474,3.);
#431=CIRCLE('',#2478,4.);
#432=CIRCLE('',#2479,4.);
#433=CIRCLE('',#2482,3.);
#434=CIRCLE('',#2485,3.);
#435=CIRCLE('',#2491,4.);
#436=CIRCLE('',#2502,4.);
#437=CIRCLE('',#2504,4.);
#438=CIRCLE('',#2510,7.5);
#439=CIRCLE('',#2511,7.5);
#440=CIRCLE('',#2517,4.);
#441=CIRCLE('',#2520,7.5);
#442=CIRCLE('',#2521,7.5);
#443=CIRCLE('',#2541,5.);
#444=CIRCLE('',#2542,2.);
#445=CIRCLE('',#2544,5.);
#446=CIRCLE('',#2545,5.);
#447=CIRCLE('',#2550,5.);
#448=CIRCLE('',#2551,2.);
#449=CIRCLE('',#2553,5.);
#450=CIRCLE('',#2554,5.);
#451=CIRCLE('',#2560,5.);
#452=CIRCLE('',#2561,2.);
#453=CIRCLE('',#2563,5.);
#454=CIRCLE('',#2564,5.);
#455=CIRCLE('',#2566,2.);
#456=CIRCLE('',#2570,2.);
#457=CIRCLE('',#2574,2.);
#458=CIRCLE('',#2575,2.);
#459=CIRCLE('',#2577,5.);
#460=CIRCLE('',#2581,2.);
#461=CIRCLE('',#2585,2.);
#462=CIRCLE('',#2586,2.);
#463=CIRCLE('',#2588,5.);
#464=CIRCLE('',#2592,2.);
#465=CIRCLE('',#2593,2.);
#466=CIRCLE('',#2595,5.);
#467=CIRCLE('',#2604,1.55);
#468=CIRCLE('',#2605,1.55);
#469=CIRCLE('',#2607,1.55);
#470=CIRCLE('',#2608,1.55);
#471=CIRCLE('',#2613,2.55);
#472=CIRCLE('',#2614,2.55);
#473=CIRCLE('',#2621,2.55);
#474=CIRCLE('',#2622,2.55);
#475=LINE('',#3279,#726);
#476=LINE('',#3283,#727);
#477=LINE('',#3287,#728);
#478=LINE('',#3297,#729);
#479=LINE('',#3300,#730);
#480=LINE('',#3304,#731);
#481=LINE('',#3308,#732);
#482=LINE('',#3309,#733);
#483=LINE('',#3314,#734);
#484=LINE('',#3317,#735);
#485=LINE('',#3323,#736);
#486=LINE('',#3326,#737);
#487=LINE('',#3329,#738);
#488=LINE('',#3331,#739);
#489=LINE('',#3333,#740);
#490=LINE('',#3335,#741);
#491=LINE('',#3337,#742);
#492=LINE('',#3339,#743);
#493=LINE('',#3341,#744);
#494=LINE('',#3342,#745);
#495=LINE('',#3345,#746);
#496=LINE('',#3347,#747);
#497=LINE('',#3349,#748);
#498=LINE('',#3353,#749);
#499=LINE('',#3357,#750);
#500=LINE('',#3358,#751);
#501=LINE('',#3362,#752);
#502=LINE('',#3364,#753);
#503=LINE('',#3369,#754);
#504=LINE('',#3371,#755);
#505=LINE('',#3375,#756);
#506=LINE('',#3378,#757);
#507=LINE('',#3380,#758);
#508=LINE('',#3383,#759);
#509=LINE('',#3385,#760);
#510=LINE('',#3387,#761);
#511=LINE('',#3389,#762);
#512=LINE('',#3391,#763);
#513=LINE('',#3395,#764);
#514=LINE('',#3397,#765);
#515=LINE('',#3400,#766);
#516=LINE('',#3402,#767);
#517=LINE('',#3404,#768);
#518=LINE('',#3405,#769);
#519=LINE('',#3406,#770);
#520=LINE('',#3409,#771);
#521=LINE('',#3413,#772);
#522=LINE('',#3414,#773);
#523=LINE('',#3417,#774);
#524=LINE('',#3421,#775);
#525=LINE('',#3423,#776);
#526=LINE('',#3424,#777);
#527=LINE('',#3428,#778);
#528=LINE('',#3429,#779);
#529=LINE('',#3430,#780);
#530=LINE('',#3434,#781);
#531=LINE('',#3435,#782);
#532=LINE('',#3436,#783);
#533=LINE('',#3438,#784);
#534=LINE('',#3440,#785);
#535=LINE('',#3442,#786);
#536=LINE('',#3444,#787);
#537=LINE('',#3448,#788);
#538=LINE('',#3449,#789);
#539=LINE('',#3453,#790);
#540=LINE('',#3454,#791);
#541=LINE('',#3456,#792);
#542=LINE('',#3460,#793);
#543=LINE('',#3463,#794);
#544=LINE('',#3464,#795);
#545=LINE('',#3468,#796);
#546=LINE('',#3471,#797);
#547=LINE('',#3472,#798);
#548=LINE('',#3475,#799);
#549=LINE('',#3477,#800);
#550=LINE('',#3478,#801);
#551=LINE('',#3481,#802);
#552=LINE('',#3483,#803);
#553=LINE('',#3484,#804);
#554=LINE('',#3487,#805);
#555=LINE('',#3490,#806);
#556=LINE('',#3493,#807);
#557=LINE('',#3494,#808);
#558=LINE('',#3497,#809);
#559=LINE('',#3499,#810);
#560=LINE('',#3500,#811);
#561=LINE('',#3503,#812);
#562=LINE('',#3504,#813);
#563=LINE('',#3507,#814);
#564=LINE('',#3508,#815);
#565=LINE('',#3510,#816);
#566=LINE('',#3511,#817);
#567=LINE('',#3514,#818);
#568=LINE('',#3515,#819);
#569=LINE('',#3517,#820);
#570=LINE('',#3519,#821);
#571=LINE('',#3520,#822);
#572=LINE('',#3523,#823);
#573=LINE('',#3525,#824);
#574=LINE('',#3527,#825);
#575=LINE('',#3529,#826);
#576=LINE('',#3531,#827);
#577=LINE('',#3533,#828);
#578=LINE('',#3535,#829);
#579=LINE('',#3537,#830);
#580=LINE('',#3538,#831);
#581=LINE('',#3542,#832);
#582=LINE('',#3545,#833);
#583=LINE('',#3549,#834);
#584=LINE('',#3551,#835);
#585=LINE('',#3553,#836);
#586=LINE('',#3559,#837);
#587=LINE('',#3562,#838);
#588=LINE('',#3569,#839);
#589=LINE('',#3571,#840);
#590=LINE('',#3572,#841);
#591=LINE('',#3612,#842);
#592=LINE('',#3619,#843);
#593=LINE('',#3686,#844);
#594=LINE('',#3688,#845);
#595=LINE('',#3690,#846);
#596=LINE('',#3692,#847);
#597=LINE('',#3693,#848);
#598=LINE('',#3697,#849);
#599=LINE('',#3698,#850);
#600=LINE('',#3700,#851);
#601=LINE('',#3702,#852);
#602=LINE('',#3769,#853);
#603=LINE('',#3770,#854);
#604=LINE('',#3776,#855);
#605=LINE('',#3780,#856);
#606=LINE('',#3784,#857);
#607=LINE('',#3786,#858);
#608=LINE('',#3788,#859);
#609=LINE('',#3790,#860);
#610=LINE('',#3792,#861);
#611=LINE('',#3858,#862);
#612=LINE('',#3860,#863);
#613=LINE('',#3862,#864);
#614=LINE('',#3864,#865);
#615=LINE('',#3865,#866);
#616=LINE('',#3867,#867);
#617=LINE('',#3869,#868);
#618=LINE('',#3872,#869);
#619=LINE('',#3873,#870);
#620=LINE('',#3875,#871);
#621=LINE('',#3876,#872);
#622=LINE('',#3878,#873);
#623=LINE('',#3882,#874);
#624=LINE('',#3883,#875);
#625=LINE('',#3886,#876);
#626=LINE('',#3953,#877);
#627=LINE('',#3954,#878);
#628=LINE('',#3956,#879);
#629=LINE('',#3973,#880);
#630=LINE('',#3976,#881);
#631=LINE('',#4032,#882);
#632=LINE('',#4034,#883);
#633=LINE('',#4035,#884);
#634=LINE('',#4037,#885);
#635=LINE('',#4039,#886);
#636=LINE('',#4041,#887);
#637=LINE('',#4042,#888);
#638=LINE('',#4104,#889);
#639=LINE('',#4134,#890);
#640=LINE('',#4161,#891);
#641=LINE('',#4163,#892);
#642=LINE('',#4164,#893);
#643=LINE('',#4167,#894);
#644=LINE('',#4169,#895);
#645=LINE('',#4170,#896);
#646=LINE('',#4173,#897);
#647=LINE('',#4174,#898);
#648=LINE('',#4177,#899);
#649=LINE('',#4179,#900);
#650=LINE('',#4180,#901);
#651=LINE('',#4188,#902);
#652=LINE('',#4190,#903);
#653=LINE('',#4191,#904);
#654=LINE('',#4262,#905);
#655=LINE('',#4309,#906);
#656=LINE('',#4311,#907);
#657=LINE('',#4312,#908);
#658=LINE('',#4315,#909);
#659=LINE('',#4317,#910);
#660=LINE('',#4318,#911);
#661=LINE('',#4321,#912);
#662=LINE('',#4323,#913);
#663=LINE('',#4324,#914);
#664=LINE('',#4332,#915);
#665=LINE('',#4333,#916);
#666=LINE('',#4338,#917);
#667=LINE('',#4340,#918);
#668=LINE('',#4341,#919);
#669=LINE('',#4343,#920);
#670=LINE('',#4345,#921);
#671=LINE('',#4347,#922);
#672=LINE('',#4348,#923);
#673=LINE('',#4418,#924);
#674=LINE('',#4465,#925);
#675=LINE('',#4467,#926);
#676=LINE('',#4468,#927);
#677=LINE('',#4471,#928);
#678=LINE('',#4473,#929);
#679=LINE('',#4474,#930);
#680=LINE('',#4477,#931);
#681=LINE('',#4478,#932);
#682=LINE('',#4486,#933);
#683=LINE('',#4487,#934);
#684=LINE('',#4491,#935);
#685=LINE('',#4497,#936);
#686=LINE('',#4505,#937);
#687=LINE('',#4513,#938);
#688=LINE('',#4521,#939);
#689=LINE('',#4531,#940);
#690=LINE('',#4538,#941);
#691=LINE('',#4540,#942);
#692=LINE('',#4548,#943);
#693=LINE('',#4554,#944);
#694=LINE('',#4559,#945);
#695=LINE('',#4561,#946);
#696=LINE('',#4563,#947);
#697=LINE('',#4564,#948);
#698=LINE('',#4567,#949);
#699=LINE('',#4569,#950);
#700=LINE('',#4570,#951);
#701=LINE('',#4573,#952);
#702=LINE('',#4575,#953);
#703=LINE('',#4576,#954);
#704=LINE('',#4582,#955);
#705=LINE('',#4585,#956);
#706=LINE('',#4587,#957);
#707=LINE('',#4588,#958);
#708=LINE('',#4591,#959);
#709=LINE('',#4593,#960);
#710=LINE('',#4594,#961);
#711=LINE('',#4597,#962);
#712=LINE('',#4599,#963);
#713=LINE('',#4600,#964);
#714=LINE('',#4603,#965);
#715=LINE('',#4605,#966);
#716=LINE('',#4606,#967);
#717=LINE('',#4609,#968);
#718=LINE('',#4611,#969);
#719=LINE('',#4612,#970);
#720=LINE('',#4618,#971);
#721=LINE('',#4621,#972);
#722=LINE('',#4623,#973);
#723=LINE('',#4624,#974);
#724=LINE('',#4626,#975);
#725=LINE('',#4627,#976);
#726=VECTOR('',#2638,10.);
#727=VECTOR('',#2641,10.);
#728=VECTOR('',#2644,10.);
#729=VECTOR('',#2645,10.);
#730=VECTOR('',#2648,10.);
#731=VECTOR('',#2651,10.);
#732=VECTOR('',#2656,10.);
#733=VECTOR('',#2657,10.);
#734=VECTOR('',#2662,10.);
#735=VECTOR('',#2667,10.);
#736=VECTOR('',#2672,10.);
#737=VECTOR('',#2675,10.);
#738=VECTOR('',#2678,10.);
#739=VECTOR('',#2679,10.);
#740=VECTOR('',#2680,10.);
#741=VECTOR('',#2681,10.);
#742=VECTOR('',#2682,10.);
#743=VECTOR('',#2683,10.);
#744=VECTOR('',#2684,10.);
#745=VECTOR('',#2685,10.);
#746=VECTOR('',#2688,10.);
#747=VECTOR('',#2689,10.);
#748=VECTOR('',#2690,10.);
#749=VECTOR('',#2693,10.);
#750=VECTOR('',#2696,10.);
#751=VECTOR('',#2697,10.);
#752=VECTOR('',#2700,10.);
#753=VECTOR('',#2701,10.);
#754=VECTOR('',#2706,10.);
#755=VECTOR('',#2707,10.);
#756=VECTOR('',#2710,10.);
#757=VECTOR('',#2713,10.);
#758=VECTOR('',#2716,10.);
#759=VECTOR('',#2719,10.);
#760=VECTOR('',#2720,10.);
#761=VECTOR('',#2721,10.);
#762=VECTOR('',#2722,10.);
#763=VECTOR('',#2723,10.);
#764=VECTOR('',#2726,10.);
#765=VECTOR('',#2727,10.);
#766=VECTOR('',#2730,10.);
#767=VECTOR('',#2731,10.);
#768=VECTOR('',#2732,10.);
#769=VECTOR('',#2733,10.);
#770=VECTOR('',#2734,10.);
#771=VECTOR('',#2737,10.);
#772=VECTOR('',#2742,10.);
#773=VECTOR('',#2743,10.);
#774=VECTOR('',#2746,10.);
#775=VECTOR('',#2751,10.);
#776=VECTOR('',#2752,10.);
#777=VECTOR('',#2753,10.);
#778=VECTOR('',#2756,10.);
#779=VECTOR('',#2757,10.);
#780=VECTOR('',#2758,10.);
#781=VECTOR('',#2761,10.);
#782=VECTOR('',#2762,10.);
#783=VECTOR('',#2763,10.);
#784=VECTOR('',#2764,10.);
#785=VECTOR('',#2765,10.);
#786=VECTOR('',#2766,10.);
#787=VECTOR('',#2767,10.);
#788=VECTOR('',#2770,10.);
#789=VECTOR('',#2771,10.);
#790=VECTOR('',#2774,10.);
#791=VECTOR('',#2775,10.);
#792=VECTOR('',#2778,10.);
#793=VECTOR('',#2783,10.);
#794=VECTOR('',#2786,10.);
#795=VECTOR('',#2787,10.);
#796=VECTOR('',#2794,10.);
#797=VECTOR('',#2797,10.);
#798=VECTOR('',#2798,10.);
#799=VECTOR('',#2801,10.);
#800=VECTOR('',#2802,10.);
#801=VECTOR('',#2803,10.);
#802=VECTOR('',#2806,10.);
#803=VECTOR('',#2807,10.);
#804=VECTOR('',#2808,10.);
#805=VECTOR('',#2811,10.);
#806=VECTOR('',#2814,10.);
#807=VECTOR('',#2817,10.);
#808=VECTOR('',#2818,10.);
#809=VECTOR('',#2821,10.);
#810=VECTOR('',#2822,10.);
#811=VECTOR('',#2823,10.);
#812=VECTOR('',#2826,10.);
#813=VECTOR('',#2827,10.);
#814=VECTOR('',#2830,10.);
#815=VECTOR('',#2831,10.);
#816=VECTOR('',#2834,10.);
#817=VECTOR('',#2835,10.);
#818=VECTOR('',#2838,10.);
#819=VECTOR('',#2839,10.);
#820=VECTOR('',#2842,10.);
#821=VECTOR('',#2845,10.);
#822=VECTOR('',#2846,10.);
#823=VECTOR('',#2849,10.);
#824=VECTOR('',#2850,10.);
#825=VECTOR('',#2851,10.);
#826=VECTOR('',#2852,10.);
#827=VECTOR('',#2853,10.);
#828=VECTOR('',#2854,10.);
#829=VECTOR('',#2855,10.);
#830=VECTOR('',#2856,10.);
#831=VECTOR('',#2857,10.);
#832=VECTOR('',#2862,10.);
#833=VECTOR('',#2865,10.);
#834=VECTOR('',#2870,10.);
#835=VECTOR('',#2871,10.);
#836=VECTOR('',#2872,10.);
#837=VECTOR('',#2873,10.);
#838=VECTOR('',#2876,10.);
#839=VECTOR('',#2877,10.);
#840=VECTOR('',#2878,10.);
#841=VECTOR('',#2879,10.);
#842=VECTOR('',#2888,10.);
#843=VECTOR('',#2897,10.);
#844=VECTOR('',#2898,10.);
#845=VECTOR('',#2899,10.);
#846=VECTOR('',#2900,10.);
#847=VECTOR('',#2901,10.);
#848=VECTOR('',#2902,10.);
#849=VECTOR('',#2905,10.);
#850=VECTOR('',#2906,10.);
#851=VECTOR('',#2907,10.);
#852=VECTOR('',#2908,10.);
#853=VECTOR('',#2911,10.);
#854=VECTOR('',#2912,10.);
#855=VECTOR('',#2919,10.);
#856=VECTOR('',#2922,10.);
#857=VECTOR('',#2927,10.);
#858=VECTOR('',#2928,10.);
#859=VECTOR('',#2929,10.);
#860=VECTOR('',#2930,10.);
#861=VECTOR('',#2931,10.);
#862=VECTOR('',#2932,10.);
#863=VECTOR('',#2935,10.);
#864=VECTOR('',#2936,10.);
#865=VECTOR('',#2937,10.);
#866=VECTOR('',#2938,10.);
#867=VECTOR('',#2941,10.);
#868=VECTOR('',#2944,10.);
#869=VECTOR('',#2949,10.);
#870=VECTOR('',#2950,10.);
#871=VECTOR('',#2951,10.);
#872=VECTOR('',#2952,10.);
#873=VECTOR('',#2955,10.);
#874=VECTOR('',#2960,10.);
#875=VECTOR('',#2961,10.);
#876=VECTOR('',#2964,10.);
#877=VECTOR('',#2965,10.);
#878=VECTOR('',#2966,10.);
#879=VECTOR('',#2969,10.);
#880=VECTOR('',#2972,10.);
#881=VECTOR('',#2975,10.);
#882=VECTOR('',#2978,10.);
#883=VECTOR('',#2979,10.);
#884=VECTOR('',#2980,10.);
#885=VECTOR('',#2981,10.);
#886=VECTOR('',#2982,10.);
#887=VECTOR('',#2983,10.);
#888=VECTOR('',#2984,10.);
#889=VECTOR('',#2985,10.);
#890=VECTOR('',#2986,10.);
#891=VECTOR('',#2989,10.);
#892=VECTOR('',#2990,10.);
#893=VECTOR('',#2991,10.);
#894=VECTOR('',#2994,10.);
#895=VECTOR('',#2995,10.);
#896=VECTOR('',#2996,10.);
#897=VECTOR('',#2999,10.);
#898=VECTOR('',#3000,10.);
#899=VECTOR('',#3003,10.);
#900=VECTOR('',#3004,10.);
#901=VECTOR('',#3005,10.);
#902=VECTOR('',#3016,10.);
#903=VECTOR('',#3017,10.);
#904=VECTOR('',#3018,10.);
#905=VECTOR('',#3021,10.);
#906=VECTOR('',#3024,10.);
#907=VECTOR('',#3025,10.);
#908=VECTOR('',#3026,10.);
#909=VECTOR('',#3029,10.);
#910=VECTOR('',#3030,10.);
#911=VECTOR('',#3031,10.);
#912=VECTOR('',#3034,10.);
#913=VECTOR('',#3035,10.);
#914=VECTOR('',#3036,10.);
#915=VECTOR('',#3047,10.);
#916=VECTOR('',#3048,10.);
#917=VECTOR('',#3053,10.);
#918=VECTOR('',#3054,10.);
#919=VECTOR('',#3055,10.);
#920=VECTOR('',#3056,10.);
#921=VECTOR('',#3057,10.);
#922=VECTOR('',#3058,10.);
#923=VECTOR('',#3059,10.);
#924=VECTOR('',#3060,10.);
#925=VECTOR('',#3063,10.);
#926=VECTOR('',#3064,10.);
#927=VECTOR('',#3065,10.);
#928=VECTOR('',#3068,10.);
#929=VECTOR('',#3069,10.);
#930=VECTOR('',#3070,10.);
#931=VECTOR('',#3073,10.);
#932=VECTOR('',#3074,10.);
#933=VECTOR('',#3085,10.);
#934=VECTOR('',#3086,10.);
#935=VECTOR('',#3091,2.);
#936=VECTOR('',#3100,2.);
#937=VECTOR('',#3111,2.);
#938=VECTOR('',#3124,2.);
#939=VECTOR('',#3135,2.);
#940=VECTOR('',#3150,2.);
#941=VECTOR('',#3163,10.);
#942=VECTOR('',#3166,10.);
#943=VECTOR('',#3177,1.55);
#944=VECTOR('',#3184,1.55);
#945=VECTOR('',#3189,10.);
#946=VECTOR('',#3190,10.);
#947=VECTOR('',#3191,10.);
#948=VECTOR('',#3192,10.);
#949=VECTOR('',#3195,10.);
#950=VECTOR('',#3196,10.);
#951=VECTOR('',#3197,10.);
#952=VECTOR('',#3200,10.);
#953=VECTOR('',#3201,10.);
#954=VECTOR('',#3202,10.);
#955=VECTOR('',#3209,10.);
#956=VECTOR('',#3212,10.);
#957=VECTOR('',#3213,10.);
#958=VECTOR('',#3214,10.);
#959=VECTOR('',#3217,10.);
#960=VECTOR('',#3218,10.);
#961=VECTOR('',#3219,10.);
#962=VECTOR('',#3222,10.);
#963=VECTOR('',#3223,10.);
#964=VECTOR('',#3224,10.);
#965=VECTOR('',#3227,10.);
#966=VECTOR('',#3228,10.);
#967=VECTOR('',#3229,10.);
#968=VECTOR('',#3232,10.);
#969=VECTOR('',#3233,10.);
#970=VECTOR('',#3234,10.);
#971=VECTOR('',#3241,10.);
#972=VECTOR('',#3244,10.);
#973=VECTOR('',#3245,10.);
#974=VECTOR('',#3246,10.);
#975=VECTOR('',#3249,10.);
#976=VECTOR('',#3250,10.);
#977=B_SPLINE_CURVE_WITH_KNOTS('',3,(#3270,#3271,#3272,#3273,#3274,#3275,
#3276,#3277),.UNSPECIFIED.,.F.,.F.,(4,2,2,4),(0.944402832647284,1.05813951765483,
1.17187620266238,1.19005305471155),.UNSPECIFIED.);
#978=B_SPLINE_CURVE_WITH_KNOTS('',3,(#3289,#3290,#3291,#3292,#3293,#3294,
#3295,#3296),.UNSPECIFIED.,.F.,.F.,(4,2,2,4),(0.698752610583015,0.716929462632185,
0.830666147639734,0.944402832647284),.UNSPECIFIED.);
#979=B_SPLINE_CURVE_WITH_KNOTS('',3,(#3555,#3556,#3557,#3558),
 .UNSPECIFIED.,.F.,.F.,(4,4),(-0.00639398295763401,0.),.UNSPECIFIED.);
#980=B_SPLINE_CURVE_WITH_KNOTS('',3,(#3564,#3565,#3566,#3567),
 .UNSPECIFIED.,.F.,.F.,(4,4),(-0.0563939829576337,-0.05),.UNSPECIFIED.);
#981=B_SPLINE_CURVE_WITH_KNOTS('',3,(#3574,#3575,#3576,#3577,#3578,#3579,
#3580,#3581,#3582,#3583,#3584,#3585,#3586,#3587,#3588,#3589),
 .UNSPECIFIED.,.F.,.F.,(4,3,3,3,3,4),(-0.176640004452597,-0.15833673374131,
-0.139180124149728,-0.119405487980028,-0.0985026184324623,-0.0940686026259876),
 .UNSPECIFIED.);
#982=B_SPLINE_CURVE_WITH_KNOTS('',3,(#3591,#3592,#3593,#3594,#3595,#3596,
#3597,#3598,#3599,#3600,#3601,#3602,#3603,#3604,#3605,#3606),
 .UNSPECIFIED.,.F.,.F.,(4,3,3,3,3,4),(-0.105011288843927,-0.0787584666329452,
-0.0537437137086453,-0.029514592736556,-0.00618513395931342,0.),
 .UNSPECIFIED.);
#983=B_SPLINE_CURVE_WITH_KNOTS('',3,(#3621,#3622,#3623,#3624,#3625,#3626,
#3627,#3628,#3629,#3630,#3631,#3632,#3633,#3634,#3635,#3636,#3637,#3638,
#3639,#3640,#3641,#3642,#3643,#3644,#3645,#3646,#3647,#3648,#3649,#3650,
#3651,#3652,#3653,#3654,#3655,#3656,#3657,#3658,#3659,#3660,#3661,#3662,
#3663,#3664,#3665,#3666,#3667,#3668,#3669,#3670,#3671,#3672,#3673,#3674,
#3675,#3676,#3677,#3678,#3679,#3680,#3681,#3682,#3683,#3684),
 .UNSPECIFIED.,.F.,.F.,(4,3,3,3,3,3,3,3,3,3,3,3,3,3,3,3,3,3,3,3,3,4),(0.,
0.022151200504734,0.0450795761123135,0.0689788482605526,0.0941522651853968,
0.121124598294047,0.151259430758664,0.183222725718539,0.218615937172373,
0.259162090686513,0.302177069066687,0.340220805904919,0.375055729131454,
0.407277638620387,0.437630325227344,0.466593351933488,0.494312303453258,
0.52155470702192,0.545977485027058,0.569669734295968,0.592479971708862,
0.603281917727908),.UNSPECIFIED.);
#984=B_SPLINE_CURVE_WITH_KNOTS('',3,(#3703,#3704,#3705,#3706,#3707,#3708,
#3709,#3710,#3711,#3712,#3713,#3714,#3715,#3716,#3717,#3718,#3719,#3720,
#3721,#3722,#3723,#3724,#3725,#3726,#3727,#3728,#3729,#3730,#3731,#3732,
#3733,#3734,#3735,#3736,#3737,#3738,#3739,#3740,#3741,#3742,#3743,#3744,
#3745,#3746,#3747,#3748,#3749,#3750,#3751,#3752,#3753,#3754,#3755,#3756,
#3757,#3758,#3759,#3760,#3761,#3762,#3763,#3764,#3765,#3766),
 .UNSPECIFIED.,.F.,.F.,(4,3,3,3,3,3,3,3,3,3,3,3,3,3,3,3,3,3,3,3,3,4),(0.,
0.0136657126749105,0.0277773715894689,0.0424361584233461,0.0577936496303885,
0.074087945107317,0.0919842480208888,0.110502755272084,0.130296424404579,
0.151812416974666,0.175313869760665,0.201037679968543,0.224389434858802,
0.244735017991893,0.263309030298585,0.2807421157039,0.297182824205259,0.312994316085061,
0.327187884601916,0.340920000052655,0.354104428225411,0.360428791724466),
 .UNSPECIFIED.);
#985=B_SPLINE_CURVE_WITH_KNOTS('',3,(#3794,#3795,#3796,#3797,#3798,#3799,
#3800,#3801,#3802,#3803,#3804,#3805,#3806,#3807,#3808,#3809,#3810,#3811,
#3812,#3813,#3814,#3815,#3816,#3817,#3818,#3819,#3820,#3821,#3822,#3823,
#3824,#3825,#3826,#3827,#3828,#3829,#3830,#3831,#3832,#3833,#3834,#3835,
#3836,#3837,#3838,#3839,#3840,#3841,#3842,#3843,#3844,#3845,#3846,#3847,
#3848,#3849,#3850,#3851,#3852,#3853,#3854,#3855,#3856,#3857),
 .UNSPECIFIED.,.F.,.F.,(4,3,3,3,3,3,3,3,3,3,3,3,3,3,3,3,3,3,3,3,3,4),(0.,
0.013665712674699,0.0277773715890365,0.0424361584226844,0.0577936496294817,
0.0740879451059678,0.091984248019285,0.110502755270167,0.130296424402296,
0.15181241697116,0.175313869756676,0.201037679964396,0.224389434854487,
0.244735017987375,0.263309030293878,0.280742115699007,0.297182824200198,
0.312994316079909,0.327187884596553,0.340920000047082,0.354104428219631,
0.360428791719043),.UNSPECIFIED.);
#986=B_SPLINE_CURVE_WITH_KNOTS('',3,(#3888,#3889,#3890,#3891,#3892,#3893,
#3894,#3895,#3896,#3897,#3898,#3899,#3900,#3901,#3902,#3903,#3904,#3905,
#3906,#3907,#3908,#3909,#3910,#3911,#3912,#3913,#3914,#3915,#3916,#3917,
#3918,#3919,#3920,#3921,#3922,#3923,#3924,#3925,#3926,#3927,#3928,#3929,
#3930,#3931,#3932,#3933,#3934,#3935,#3936,#3937,#3938,#3939,#3940,#3941,
#3942,#3943,#3944,#3945,#3946,#3947,#3948,#3949,#3950,#3951),
 .UNSPECIFIED.,.F.,.F.,(4,3,3,3,3,3,3,3,3,3,3,3,3,3,3,3,3,3,3,3,3,4),(0.,
0.022151200504547,0.0450795761119273,0.0689788482599612,0.094152265184583,
0.121124598292811,0.151259430757139,0.183222725716675,0.218615937170112,
0.259162090683532,0.302177069063349,0.340220805901268,0.375055729128004,
0.407277638616605,0.43763032522321,0.466593351928994,0.494312303448272,
0.52155470701672,0.54597748502164,0.569669734290336,0.59247997170302,0.603281917722066),
 .UNSPECIFIED.);
#987=B_SPLINE_CURVE_WITH_KNOTS('',3,(#3959,#3960,#3961,#3962,#3963,#3964,
#3965,#3966,#3967,#3968,#3969,#3970,#3971,#3972),.UNSPECIFIED.,.F.,.F.,
(4,2,2,2,2,2,4),(0.106512010582468,0.133646878425729,0.253871635925171,
0.433661726392023,0.520184926673748,0.561738700916298,0.603281917724898),
 .UNSPECIFIED.);
#988=B_SPLINE_CURVE_WITH_KNOTS('',3,(#3977,#3978,#3979,#3980,#3981,#3982,
#3983,#3984,#3985,#3986,#3987,#3988,#3989,#3990,#3991,#3992,#3993,#3994,
#3995,#3996,#3997,#3998,#3999,#4000,#4001,#4002,#4003,#4004,#4005,#4006,
#4007,#4008,#4009,#4010,#4011,#4012,#4013,#4014,#4015,#4016,#4017,#4018,
#4019,#4020,#4021,#4022,#4023,#4024,#4025,#4026,#4027,#4028),
 .UNSPECIFIED.,.F.,.F.,(4,3,3,3,3,3,3,3,3,3,3,3,3,3,3,3,3,4),(0.,0.0131436520297861,
0.0267067569828067,0.0407820871828289,0.055507257662029,0.0715360623232163,
0.0883252828375514,0.10595971224848,0.124728815000251,0.146034788935966,
0.169261721859013,0.194144439539635,0.218357244427123,0.237614920150971,
0.25550373737031,0.273249698229948,0.289023390244598,0.290995659089586),
 .UNSPECIFIED.);
#989=B_SPLINE_CURVE_WITH_KNOTS('',3,(#4065,#4066,#4067,#4068),
 .UNSPECIFIED.,.F.,.F.,(4,4),(0.201250000000001,0.701250000000001),
 .UNSPECIFIED.);
#990=B_SPLINE_CURVE_WITH_KNOTS('',3,(#4070,#4071,#4072,#4073,#4074,#4075,
#4076,#4077,#4078,#4079,#4080,#4081,#4082,#4083,#4084,#4085,#4086,#4087,
#4088,#4089,#4090,#4091,#4092,#4093,#4094,#4095,#4096,#4097,#4098,#4099,
#4100,#4101,#4102,#4103),.UNSPECIFIED.,.F.,.F.,(4,3,3,3,3,3,3,3,3,3,3,4),
(0.,0.0129061256472499,0.0262171649118015,0.0400208749365529,0.0544463878247608,
0.0701125138605821,0.0864754711698051,0.103585797963241,0.122281284465802,
0.142278397417791,0.164287995019672,0.165488960817291),.UNSPECIFIED.);
#991=B_SPLINE_CURVE_WITH_KNOTS('',3,(#4136,#4137,#4138,#4139,#4140,#4141,
#4142,#4143,#4144,#4145),.UNSPECIFIED.,.F.,.F.,(4,2,2,2,4),(0.320737812928397,
0.433661726394323,0.520184926675707,0.561738700917795,0.603281917725913),
 .UNSPECIFIED.);
#992=B_SPLINE_CURVE_WITH_KNOTS('',3,(#4147,#4148,#4149,#4150),
 .UNSPECIFIED.,.F.,.F.,(4,4),(0.,0.499999999999998),.UNSPECIFIED.);
#993=B_SPLINE_CURVE_WITH_KNOTS('',3,(#4223,#4224,#4225,#4226),
 .UNSPECIFIED.,.F.,.F.,(4,4),(0.,0.5),.UNSPECIFIED.);
#994=B_SPLINE_CURVE_WITH_KNOTS('',3,(#4228,#4229,#4230,#4231,#4232,#4233,
#4234,#4235,#4236,#4237,#4238,#4239,#4240,#4241,#4242,#4243,#4244,#4245,
#4246,#4247,#4248,#4249,#4250,#4251,#4252,#4253,#4254,#4255,#4256,#4257,
#4258,#4259,#4260,#4261),.UNSPECIFIED.,.F.,.F.,(4,3,3,3,3,3,3,3,3,3,3,4),
(0.,0.0129061256472289,0.0262171649117575,0.0400208749364877,0.0544463878246645,
0.070112513860417,0.086475471169614,0.103585797963006,0.122281284465482,
0.142278397416435,0.164287995018242,0.165488960816988),.UNSPECIFIED.);
#995=B_SPLINE_CURVE_WITH_KNOTS('',3,(#4284,#4285,#4286,#4287,#4288,#4289,
#4290,#4291,#4292,#4293),.UNSPECIFIED.,.F.,.F.,(4,2,2,2,4),(0.320737812927644,
0.433661726393266,0.520184926675145,0.561738700917691,0.603281917726278),
 .UNSPECIFIED.);
#996=B_SPLINE_CURVE_WITH_KNOTS('',3,(#4295,#4296,#4297,#4298),
 .UNSPECIFIED.,.F.,.F.,(4,4),(0.,0.5),.UNSPECIFIED.);
#997=B_SPLINE_CURVE_WITH_KNOTS('',3,(#4379,#4380,#4381,#4382),
 .UNSPECIFIED.,.F.,.F.,(4,4),(0.201250000000001,0.701250000000001),
 .UNSPECIFIED.);
#998=B_SPLINE_CURVE_WITH_KNOTS('',3,(#4384,#4385,#4386,#4387,#4388,#4389,
#4390,#4391,#4392,#4393,#4394,#4395,#4396,#4397,#4398,#4399,#4400,#4401,
#4402,#4403,#4404,#4405,#4406,#4407,#4408,#4409,#4410,#4411,#4412,#4413,
#4414,#4415,#4416,#4417),.UNSPECIFIED.,.F.,.F.,(4,3,3,3,3,3,3,3,3,3,3,4),
(0.,0.0129061256470889,0.0262171649114734,0.0400208749360479,0.0544463878240685,
0.0701125138597431,0.0864754711688044,0.103585797962068,0.122281284464403,
0.142278397414596,0.164287995016115,0.165488960815293),.UNSPECIFIED.);
#999=B_SPLINE_CURVE_WITH_KNOTS('',3,(#4440,#4441,#4442,#4443,#4444,#4445,
#4446,#4447,#4448,#4449),.UNSPECIFIED.,.F.,.F.,(4,2,2,2,4),(0.320737812926605,
0.433661726391594,0.520184926673108,0.561738700915509,0.60328191772395),
 .UNSPECIFIED.);
#1000=B_SPLINE_CURVE_WITH_KNOTS('',3,(#4451,#4452,#4453,#4454),
 .UNSPECIFIED.,.F.,.F.,(4,4),(0.,0.5),.UNSPECIFIED.);
#1001=VERTEX_POINT('',#3268);
#1002=VERTEX_POINT('',#3269);
#1003=VERTEX_POINT('',#3278);
#1004=VERTEX_POINT('',#3280);
#1005=VERTEX_POINT('',#3282);
#1006=VERTEX_POINT('',#3284);
#1007=VERTEX_POINT('',#3286);
#1008=VERTEX_POINT('',#3288);
#1009=VERTEX_POINT('',#3299);
#1010=VERTEX_POINT('',#3301);
#1011=VERTEX_POINT('',#3303);
#1012=VERTEX_POINT('',#3307);
#1013=VERTEX_POINT('',#3311);
#1014=VERTEX_POINT('',#3313);
#1015=VERTEX_POINT('',#3319);
#1016=VERTEX_POINT('',#3320);
#1017=VERTEX_POINT('',#3322);
#1018=VERTEX_POINT('',#3324);
#1019=VERTEX_POINT('',#3328);
#1020=VERTEX_POINT('',#3330);
#1021=VERTEX_POINT('',#3332);
#1022=VERTEX_POINT('',#3334);
#1023=VERTEX_POINT('',#3336);
#1024=VERTEX_POINT('',#3338);
#1025=VERTEX_POINT('',#3340);
#1026=VERTEX_POINT('',#3344);
#1027=VERTEX_POINT('',#3346);
#1028=VERTEX_POINT('',#3348);
#1029=VERTEX_POINT('',#3350);
#1030=VERTEX_POINT('',#3352);
#1031=VERTEX_POINT('',#3354);
#1032=VERTEX_POINT('',#3356);
#1033=VERTEX_POINT('',#3360);
#1034=VERTEX_POINT('',#3361);
#1035=VERTEX_POINT('',#3363);
#1036=VERTEX_POINT('',#3367);
#1037=VERTEX_POINT('',#3368);
#1038=VERTEX_POINT('',#3370);
#1039=VERTEX_POINT('',#3372);
#1040=VERTEX_POINT('',#3374);
#1041=VERTEX_POINT('',#3376);
#1042=VERTEX_POINT('',#3382);
#1043=VERTEX_POINT('',#3384);
#1044=VERTEX_POINT('',#3386);
#1045=VERTEX_POINT('',#3388);
#1046=VERTEX_POINT('',#3390);
#1047=VERTEX_POINT('',#3392);
#1048=VERTEX_POINT('',#3394);
#1049=VERTEX_POINT('',#3396);
#1050=VERTEX_POINT('',#3399);
#1051=VERTEX_POINT('',#3401);
#1052=VERTEX_POINT('',#3403);
#1053=VERTEX_POINT('',#3408);
#1054=VERTEX_POINT('',#3412);
#1055=VERTEX_POINT('',#3416);
#1056=VERTEX_POINT('',#3420);
#1057=VERTEX_POINT('',#3422);
#1058=VERTEX_POINT('',#3426);
#1059=VERTEX_POINT('',#3427);
#1060=VERTEX_POINT('',#3432);
#1061=VERTEX_POINT('',#3433);
#1062=VERTEX_POINT('',#3437);
#1063=VERTEX_POINT('',#3439);
#1064=VERTEX_POINT('',#3441);
#1065=VERTEX_POINT('',#3443);
#1066=VERTEX_POINT('',#3445);
#1067=VERTEX_POINT('',#3447);
#1068=VERTEX_POINT('',#3450);
#1069=VERTEX_POINT('',#3452);
#1070=VERTEX_POINT('',#3458);
#1071=VERTEX_POINT('',#3462);
#1072=VERTEX_POINT('',#3470);
#1073=VERTEX_POINT('',#3474);
#1074=VERTEX_POINT('',#3476);
#1075=VERTEX_POINT('',#3480);
#1076=VERTEX_POINT('',#3482);
#1077=VERTEX_POINT('',#3486);
#1078=VERTEX_POINT('',#3488);
#1079=VERTEX_POINT('',#3492);
#1080=VERTEX_POINT('',#3496);
#1081=VERTEX_POINT('',#3498);
#1082=VERTEX_POINT('',#3502);
#1083=VERTEX_POINT('',#3506);
#1084=VERTEX_POINT('',#3513);
#1085=VERTEX_POINT('',#3522);
#1086=VERTEX_POINT('',#3524);
#1087=VERTEX_POINT('',#3526);
#1088=VERTEX_POINT('',#3528);
#1089=VERTEX_POINT('',#3530);
#1090=VERTEX_POINT('',#3532);
#1091=VERTEX_POINT('',#3534);
#1092=VERTEX_POINT('',#3536);
#1093=VERTEX_POINT('',#3540);
#1094=VERTEX_POINT('',#3544);
#1095=VERTEX_POINT('',#3548);
#1096=VERTEX_POINT('',#3550);
#1097=VERTEX_POINT('',#3552);
#1098=VERTEX_POINT('',#3554);
#1099=VERTEX_POINT('',#3561);
#1100=VERTEX_POINT('',#3563);
#1101=VERTEX_POINT('',#3568);
#1102=VERTEX_POINT('',#3570);
#1103=VERTEX_POINT('',#3608);
#1104=VERTEX_POINT('',#3609);
#1105=VERTEX_POINT('',#3611);
#1106=VERTEX_POINT('',#3613);
#1107=VERTEX_POINT('',#3618);
#1108=VERTEX_POINT('',#3620);
#1109=VERTEX_POINT('',#3685);
#1110=VERTEX_POINT('',#3687);
#1111=VERTEX_POINT('',#3689);
#1112=VERTEX_POINT('',#3691);
#1113=VERTEX_POINT('',#3695);
#1114=VERTEX_POINT('',#3696);
#1115=VERTEX_POINT('',#3699);
#1116=VERTEX_POINT('',#3701);
#1117=VERTEX_POINT('',#3768);
#1118=VERTEX_POINT('',#3773);
#1119=VERTEX_POINT('',#3774);
#1120=VERTEX_POINT('',#3777);
#1121=VERTEX_POINT('',#3779);
#1122=VERTEX_POINT('',#3783);
#1123=VERTEX_POINT('',#3785);
#1124=VERTEX_POINT('',#3787);
#1125=VERTEX_POINT('',#3789);
#1126=VERTEX_POINT('',#3791);
#1127=VERTEX_POINT('',#3793);
#1128=VERTEX_POINT('',#3861);
#1129=VERTEX_POINT('',#3863);
#1130=VERTEX_POINT('',#3874);
#1131=VERTEX_POINT('',#3881);
#1132=VERTEX_POINT('',#3885);
#1133=VERTEX_POINT('',#3887);
#1134=VERTEX_POINT('',#3952);
#1135=VERTEX_POINT('',#3958);
#1136=VERTEX_POINT('',#3975);
#1137=VERTEX_POINT('',#4030);
#1138=VERTEX_POINT('',#4031);
#1139=VERTEX_POINT('',#4033);
#1140=VERTEX_POINT('',#4036);
#1141=VERTEX_POINT('',#4038);
#1142=VERTEX_POINT('',#4040);
#1143=VERTEX_POINT('',#4063);
#1144=VERTEX_POINT('',#4064);
#1145=VERTEX_POINT('',#4069);
#1146=VERTEX_POINT('',#4133);
#1147=VERTEX_POINT('',#4135);
#1148=VERTEX_POINT('',#4146);
#1149=VERTEX_POINT('',#4160);
#1150=VERTEX_POINT('',#4162);
#1151=VERTEX_POINT('',#4166);
#1152=VERTEX_POINT('',#4168);
#1153=VERTEX_POINT('',#4172);
#1154=VERTEX_POINT('',#4176);
#1155=VERTEX_POINT('',#4178);
#1156=VERTEX_POINT('',#4183);
#1157=VERTEX_POINT('',#4187);
#1158=VERTEX_POINT('',#4189);
#1159=VERTEX_POINT('',#4213);
#1160=VERTEX_POINT('',#4222);
#1161=VERTEX_POINT('',#4227);
#1162=VERTEX_POINT('',#4283);
#1163=VERTEX_POINT('',#4294);
#1164=VERTEX_POINT('',#4308);
#1165=VERTEX_POINT('',#4310);
#1166=VERTEX_POINT('',#4314);
#1167=VERTEX_POINT('',#4316);
#1168=VERTEX_POINT('',#4320);
#1169=VERTEX_POINT('',#4322);
#1170=VERTEX_POINT('',#4327);
#1171=VERTEX_POINT('',#4331);
#1172=VERTEX_POINT('',#4336);
#1173=VERTEX_POINT('',#4337);
#1174=VERTEX_POINT('',#4339);
#1175=VERTEX_POINT('',#4342);
#1176=VERTEX_POINT('',#4344);
#1177=VERTEX_POINT('',#4346);
#1178=VERTEX_POINT('',#4369);
#1179=VERTEX_POINT('',#4378);
#1180=VERTEX_POINT('',#4383);
#1181=VERTEX_POINT('',#4439);
#1182=VERTEX_POINT('',#4450);
#1183=VERTEX_POINT('',#4464);
#1184=VERTEX_POINT('',#4466);
#1185=VERTEX_POINT('',#4470);
#1186=VERTEX_POINT('',#4472);
#1187=VERTEX_POINT('',#4476);
#1188=VERTEX_POINT('',#4481);
#1189=VERTEX_POINT('',#4485);
#1190=VERTEX_POINT('',#4490);
#1191=VERTEX_POINT('',#4496);
#1192=VERTEX_POINT('',#4502);
#1193=VERTEX_POINT('',#4504);
#1194=VERTEX_POINT('',#4512);
#1195=VERTEX_POINT('',#4518);
#1196=VERTEX_POINT('',#4520);
#1197=VERTEX_POINT('',#4528);
#1198=VERTEX_POINT('',#4530);
#1199=VERTEX_POINT('',#4545);
#1200=VERTEX_POINT('',#4547);
#1201=VERTEX_POINT('',#4551);
#1202=VERTEX_POINT('',#4553);
#1203=VERTEX_POINT('',#4557);
#1204=VERTEX_POINT('',#4558);
#1205=VERTEX_POINT('',#4560);
#1206=VERTEX_POINT('',#4562);
#1207=VERTEX_POINT('',#4566);
#1208=VERTEX_POINT('',#4568);
#1209=VERTEX_POINT('',#4572);
#1210=VERTEX_POINT('',#4574);
#1211=VERTEX_POINT('',#4578);
#1212=VERTEX_POINT('',#4580);
#1213=VERTEX_POINT('',#4584);
#1214=VERTEX_POINT('',#4586);
#1215=VERTEX_POINT('',#4590);
#1216=VERTEX_POINT('',#4592);
#1217=VERTEX_POINT('',#4596);
#1218=VERTEX_POINT('',#4598);
#1219=VERTEX_POINT('',#4602);
#1220=VERTEX_POINT('',#4604);
#1221=VERTEX_POINT('',#4608);
#1222=VERTEX_POINT('',#4610);
#1223=VERTEX_POINT('',#4614);
#1224=VERTEX_POINT('',#4616);
#1225=VERTEX_POINT('',#4620);
#1226=VERTEX_POINT('',#4622);
#1227=EDGE_CURVE('',#1001,#1002,#977,.T.);
#1228=EDGE_CURVE('',#1002,#1003,#475,.T.);
#1229=EDGE_CURVE('',#1003,#1004,#415,.F.);
#1230=EDGE_CURVE('',#1004,#1005,#476,.T.);
#1231=EDGE_CURVE('',#1005,#1006,#416,.F.);
#1232=EDGE_CURVE('',#1006,#1007,#477,.T.);
#1233=EDGE_CURVE('',#1007,#1008,#978,.T.);
#1234=EDGE_CURVE('',#1008,#1001,#478,.T.);
#1235=EDGE_CURVE('',#1009,#1001,#479,.T.);
#1236=EDGE_CURVE('',#1010,#1009,#417,.T.);
#1237=EDGE_CURVE('',#1010,#1011,#480,.T.);
#1238=EDGE_CURVE('',#1011,#1002,#418,.T.);
#1239=EDGE_CURVE('',#1012,#1008,#481,.T.);
#1240=EDGE_CURVE('',#1009,#1012,#482,.T.);
#1241=EDGE_CURVE('',#1007,#1013,#419,.T.);
#1242=EDGE_CURVE('',#1014,#1013,#483,.T.);
#1243=EDGE_CURVE('',#1012,#1014,#420,.T.);
#1244=EDGE_CURVE('',#1013,#1006,#484,.T.);
#1245=EDGE_CURVE('',#1015,#1016,#421,.T.);
#1246=EDGE_CURVE('',#1016,#1017,#485,.T.);
#1247=EDGE_CURVE('',#1017,#1018,#422,.T.);
#1248=EDGE_CURVE('',#1018,#1015,#486,.T.);
#1249=EDGE_CURVE('',#1019,#1017,#487,.T.);
#1250=EDGE_CURVE('',#1019,#1020,#488,.T.);
#1251=EDGE_CURVE('',#1020,#1021,#489,.T.);
#1252=EDGE_CURVE('',#1021,#1022,#490,.T.);
#1253=EDGE_CURVE('',#1022,#1023,#491,.T.);
#1254=EDGE_CURVE('',#1024,#1023,#492,.T.);
#1255=EDGE_CURVE('',#1025,#1024,#493,.T.);
#1256=EDGE_CURVE('',#1025,#1018,#494,.T.);
#1257=EDGE_CURVE('',#1016,#1026,#495,.T.);
#1258=EDGE_CURVE('',#1026,#1027,#496,.T.);
#1259=EDGE_CURVE('',#1027,#1028,#497,.T.);
#1260=EDGE_CURVE('',#1028,#1029,#423,.T.);
#1261=EDGE_CURVE('',#1029,#1030,#498,.T.);
#1262=EDGE_CURVE('',#1030,#1031,#424,.T.);
#1263=EDGE_CURVE('',#1031,#1032,#499,.T.);
#1264=EDGE_CURVE('',#1032,#1019,#500,.T.);
#1265=EDGE_CURVE('',#1033,#1034,#501,.T.);
#1266=EDGE_CURVE('',#1035,#1034,#502,.T.);
#1267=EDGE_CURVE('',#1033,#1035,#64,.T.);
#1268=EDGE_CURVE('',#1036,#1037,#503,.T.);
#1269=EDGE_CURVE('',#1038,#1036,#504,.T.);
#1270=EDGE_CURVE('',#1039,#1038,#425,.T.);
#1271=EDGE_CURVE('',#1040,#1039,#505,.T.);
#1272=EDGE_CURVE('',#1041,#1040,#426,.T.);
#1273=EDGE_CURVE('',#1041,#1037,#506,.T.);
#1274=EDGE_CURVE('',#1003,#1011,#507,.T.);
#1275=EDGE_CURVE('',#1041,#1042,#508,.T.);
#1276=EDGE_CURVE('',#1042,#1043,#509,.T.);
#1277=EDGE_CURVE('',#1044,#1043,#510,.T.);
#1278=EDGE_CURVE('',#1045,#1044,#511,.T.);
#1279=EDGE_CURVE('',#1046,#1045,#512,.T.);
#1280=EDGE_CURVE('',#1047,#1046,#427,.T.);
#1281=EDGE_CURVE('',#1048,#1047,#513,.T.);
#1282=EDGE_CURVE('',#1049,#1048,#514,.T.);
#1283=EDGE_CURVE('',#1047,#1049,#428,.T.);
#1284=EDGE_CURVE('',#1050,#1047,#515,.T.);
#1285=EDGE_CURVE('',#1051,#1050,#516,.T.);
#1286=EDGE_CURVE('',#1052,#1051,#517,.T.);
#1287=EDGE_CURVE('',#1014,#1052,#518,.T.);
#1288=EDGE_CURVE('',#1037,#1005,#519,.T.);
#1289=EDGE_CURVE('',#1040,#1053,#520,.T.);
#1290=EDGE_CURVE('',#1053,#1042,#429,.T.);
#1291=EDGE_CURVE('',#1039,#1054,#521,.T.);
#1292=EDGE_CURVE('',#1054,#1053,#522,.T.);
#1293=EDGE_CURVE('',#1038,#1055,#523,.T.);
#1294=EDGE_CURVE('',#1055,#1054,#430,.T.);
#1295=EDGE_CURVE('',#1032,#1056,#524,.T.);
#1296=EDGE_CURVE('',#1031,#1057,#525,.T.);
#1297=EDGE_CURVE('',#1056,#1057,#526,.T.);
#1298=EDGE_CURVE('',#1058,#1059,#527,.T.);
#1299=EDGE_CURVE('',#1028,#1058,#528,.T.);
#1300=EDGE_CURVE('',#1059,#1027,#529,.T.);
#1301=EDGE_CURVE('',#1060,#1061,#530,.T.);
#1302=EDGE_CURVE('',#1060,#1055,#531,.T.);
#1303=EDGE_CURVE('',#1004,#1036,#532,.T.);
#1304=EDGE_CURVE('',#1062,#1010,#533,.T.);
#1305=EDGE_CURVE('',#1063,#1062,#534,.T.);
#1306=EDGE_CURVE('',#1064,#1063,#535,.T.);
#1307=EDGE_CURVE('',#1065,#1064,#536,.T.);
#1308=EDGE_CURVE('',#1066,#1065,#431,.T.);
#1309=EDGE_CURVE('',#1067,#1066,#537,.T.);
#1310=EDGE_CURVE('',#1065,#1067,#538,.T.);
#1311=EDGE_CURVE('',#1068,#1065,#432,.T.);
#1312=EDGE_CURVE('',#1069,#1068,#539,.T.);
#1313=EDGE_CURVE('',#1061,#1069,#540,.T.);
#1314=EDGE_CURVE('',#1043,#1060,#541,.T.);
#1315=EDGE_CURVE('',#1057,#1070,#433,.T.);
#1316=EDGE_CURVE('',#1030,#1070,#542,.T.);
#1317=EDGE_CURVE('',#1070,#1071,#543,.T.);
#1318=EDGE_CURVE('',#1029,#1071,#544,.T.);
#1319=EDGE_CURVE('',#1071,#1058,#434,.T.);
#1320=EDGE_CURVE('',#1056,#1020,#545,.T.);
#1321=EDGE_CURVE('',#1026,#1072,#546,.T.);
#1322=EDGE_CURVE('',#1072,#1059,#547,.T.);
#1323=EDGE_CURVE('',#1073,#1062,#548,.T.);
#1324=EDGE_CURVE('',#1073,#1074,#549,.T.);
#1325=EDGE_CURVE('',#1074,#1063,#550,.T.);
#1326=EDGE_CURVE('',#1051,#1075,#551,.T.);
#1327=EDGE_CURVE('',#1076,#1075,#552,.T.);
#1328=EDGE_CURVE('',#1052,#1076,#553,.T.);
#1329=EDGE_CURVE('',#1077,#1065,#554,.T.);
#1330=EDGE_CURVE('',#1077,#1078,#435,.T.);
#1331=EDGE_CURVE('',#1078,#1066,#555,.T.);
#1332=EDGE_CURVE('',#1079,#1078,#556,.T.);
#1333=EDGE_CURVE('',#1079,#1067,#557,.T.);
#1334=EDGE_CURVE('',#1048,#1080,#558,.T.);
#1335=EDGE_CURVE('',#1081,#1080,#559,.T.);
#1336=EDGE_CURVE('',#1049,#1081,#560,.T.);
#1337=EDGE_CURVE('',#1074,#1082,#561,.T.);
#1338=EDGE_CURVE('',#1082,#1064,#562,.T.);
#1339=EDGE_CURVE('',#1050,#1083,#563,.T.);
#1340=EDGE_CURVE('',#1075,#1083,#564,.T.);
#1341=EDGE_CURVE('',#1079,#1077,#565,.T.);
#1342=EDGE_CURVE('',#1077,#1065,#566,.T.);
#1343=EDGE_CURVE('',#1047,#1084,#567,.T.);
#1344=EDGE_CURVE('',#1080,#1084,#568,.T.);
#1345=EDGE_CURVE('',#1077,#1082,#569,.T.);
#1346=EDGE_CURVE('',#1047,#1084,#570,.T.);
#1347=EDGE_CURVE('',#1083,#1084,#571,.T.);
#1348=EDGE_CURVE('',#1061,#1085,#572,.T.);
#1349=EDGE_CURVE('',#1085,#1086,#573,.T.);
#1350=EDGE_CURVE('',#1087,#1086,#574,.T.);
#1351=EDGE_CURVE('',#1088,#1087,#575,.T.);
#1352=EDGE_CURVE('',#1089,#1088,#576,.T.);
#1353=EDGE_CURVE('',#1090,#1089,#577,.T.);
#1354=EDGE_CURVE('',#1091,#1090,#578,.T.);
#1355=EDGE_CURVE('',#1092,#1091,#579,.T.);
#1356=EDGE_CURVE('',#1092,#1044,#580,.T.);
#1357=EDGE_CURVE('',#1093,#1077,#436,.T.);
#1358=EDGE_CURVE('',#1093,#1068,#581,.T.);
#1359=EDGE_CURVE('',#1046,#1094,#582,.T.);
#1360=EDGE_CURVE('',#1084,#1094,#437,.T.);
#1361=EDGE_CURVE('',#1095,#1093,#583,.T.);
#1362=EDGE_CURVE('',#1096,#1095,#584,.T.);
#1363=EDGE_CURVE('',#1097,#1096,#585,.T.);
#1364=EDGE_CURVE('',#1098,#1097,#979,.T.);
#1365=EDGE_CURVE('',#1098,#1069,#586,.T.);
#1366=EDGE_CURVE('',#1045,#1099,#587,.T.);
#1367=EDGE_CURVE('',#1100,#1099,#980,.T.);
#1368=EDGE_CURVE('',#1101,#1100,#588,.T.);
#1369=EDGE_CURVE('',#1102,#1101,#589,.T.);
#1370=EDGE_CURVE('',#1094,#1102,#590,.T.);
#1371=EDGE_CURVE('',#1085,#1098,#981,.T.);
#1372=EDGE_CURVE('',#1099,#1092,#982,.T.);
#1373=EDGE_CURVE('',#1103,#1104,#438,.F.);
#1374=EDGE_CURVE('',#1103,#1105,#591,.T.);
#1375=EDGE_CURVE('',#1105,#1106,#439,.T.);
#1376=EDGE_CURVE('',#1024,#1106,#65,.F.);
#1377=EDGE_CURVE('',#1023,#1104,#66,.T.);
#1378=EDGE_CURVE('',#1103,#1107,#592,.T.);
#1379=EDGE_CURVE('',#1107,#1108,#983,.T.);
#1380=EDGE_CURVE('',#1108,#1109,#593,.T.);
#1381=EDGE_CURVE('',#1109,#1110,#594,.T.);
#1382=EDGE_CURVE('',#1111,#1110,#595,.T.);
#1383=EDGE_CURVE('',#1112,#1111,#596,.T.);
#1384=EDGE_CURVE('',#1112,#1105,#597,.T.);
#1385=EDGE_CURVE('',#1113,#1114,#598,.T.);
#1386=EDGE_CURVE('',#1114,#1102,#599,.T.);
#1387=EDGE_CURVE('',#1115,#1101,#600,.T.);
#1388=EDGE_CURVE('',#1115,#1116,#601,.T.);
#1389=EDGE_CURVE('',#1116,#1113,#984,.T.);
#1390=EDGE_CURVE('',#1114,#1117,#602,.T.);
#1391=EDGE_CURVE('',#1117,#1076,#603,.T.);
#1392=EDGE_CURVE('',#1084,#1081,#440,.T.);
#1393=EDGE_CURVE('',#1118,#1119,#67,.F.);
#1394=EDGE_CURVE('',#1118,#1033,#604,.T.);
#1395=EDGE_CURVE('',#1120,#1035,#441,.F.);
#1396=EDGE_CURVE('',#1120,#1121,#605,.T.);
#1397=EDGE_CURVE('',#1121,#1119,#442,.T.);
#1398=EDGE_CURVE('',#1120,#1122,#606,.T.);
#1399=EDGE_CURVE('',#1122,#1123,#607,.T.);
#1400=EDGE_CURVE('',#1124,#1123,#608,.T.);
#1401=EDGE_CURVE('',#1125,#1124,#609,.T.);
#1402=EDGE_CURVE('',#1126,#1125,#610,.T.);
#1403=EDGE_CURVE('',#1126,#1127,#985,.T.);
#1404=EDGE_CURVE('',#1127,#1121,#611,.T.);
#1405=EDGE_CURVE('',#1034,#1015,#612,.T.);
#1406=EDGE_CURVE('',#1118,#1128,#613,.T.);
#1407=EDGE_CURVE('',#1129,#1128,#614,.T.);
#1408=EDGE_CURVE('',#1072,#1129,#615,.T.);
#1409=EDGE_CURVE('',#1025,#1106,#616,.T.);
#1410=EDGE_CURVE('',#1122,#1112,#617,.T.);
#1411=EDGE_CURVE('',#1104,#1117,#618,.T.);
#1412=EDGE_CURVE('',#1128,#1022,#619,.T.);
#1413=EDGE_CURVE('',#1119,#1130,#620,.F.);
#1414=EDGE_CURVE('',#1073,#1130,#621,.T.);
#1415=EDGE_CURVE('',#1129,#1021,#622,.T.);
#1416=EDGE_CURVE('',#1130,#1131,#623,.T.);
#1417=EDGE_CURVE('',#1095,#1131,#624,.T.);
#1418=EDGE_CURVE('',#1131,#1132,#625,.T.);
#1419=EDGE_CURVE('',#1132,#1133,#986,.T.);
#1420=EDGE_CURVE('',#1134,#1133,#626,.T.);
#1421=EDGE_CURVE('',#1134,#1096,#627,.T.);
#1422=EDGE_CURVE('',#1123,#1111,#628,.T.);
#1423=EDGE_CURVE('',#1100,#1135,#987,.T.);
#1424=EDGE_CURVE('',#1135,#1115,#629,.T.);
#1425=EDGE_CURVE('',#1134,#1136,#630,.T.);
#1426=EDGE_CURVE('',#1136,#1097,#988,.T.);
#1427=EDGE_CURVE('',#1137,#1138,#631,.T.);
#1428=EDGE_CURVE('',#1139,#1137,#632,.T.);
#1429=EDGE_CURVE('',#1132,#1139,#633,.T.);
#1430=EDGE_CURVE('',#1127,#1140,#634,.T.);
#1431=EDGE_CURVE('',#1141,#1140,#635,.T.);
#1432=EDGE_CURVE('',#1142,#1141,#636,.T.);
#1433=EDGE_CURVE('',#1138,#1142,#637,.T.);
#1434=EDGE_CURVE('',#1143,#1144,#989,.T.);
#1435=EDGE_CURVE('',#1145,#1143,#990,.T.);
#1436=EDGE_CURVE('',#1133,#1145,#638,.T.);
#1437=EDGE_CURVE('',#1144,#1139,#41,.T.);
#1438=EDGE_CURVE('',#1126,#1146,#639,.T.);
#1439=EDGE_CURVE('',#1147,#1146,#991,.T.);
#1440=EDGE_CURVE('',#1148,#1147,#992,.T.);
#1441=EDGE_CURVE('',#1140,#1148,#42,.T.);
#1442=EDGE_CURVE('',#1149,#1138,#640,.T.);
#1443=EDGE_CURVE('',#1149,#1150,#641,.T.);
#1444=EDGE_CURVE('',#1137,#1150,#642,.T.);
#1445=EDGE_CURVE('',#1151,#1141,#643,.T.);
#1446=EDGE_CURVE('',#1152,#1151,#644,.T.);
#1447=EDGE_CURVE('',#1142,#1152,#645,.T.);
#1448=EDGE_CURVE('',#1125,#1153,#646,.T.);
#1449=EDGE_CURVE('',#1146,#1153,#647,.T.);
#1450=EDGE_CURVE('',#1154,#1145,#648,.T.);
#1451=EDGE_CURVE('',#1154,#1155,#649,.T.);
#1452=EDGE_CURVE('',#1136,#1155,#650,.T.);
#1453=EDGE_CURVE('',#1148,#1151,#443,.T.);
#1454=EDGE_CURVE('',#1156,#1156,#444,.T.);
#1455=EDGE_CURVE('',#1152,#1147,#445,.T.);
#1456=EDGE_CURVE('',#1153,#1157,#651,.T.);
#1457=EDGE_CURVE('',#1158,#1157,#652,.T.);
#1458=EDGE_CURVE('',#1154,#1158,#653,.T.);
#1459=EDGE_CURVE('',#1143,#1149,#446,.T.);
#1460=EDGE_CURVE('',#1159,#1091,#43,.T.);
#1461=EDGE_CURVE('',#1160,#1159,#993,.T.);
#1462=EDGE_CURVE('',#1161,#1160,#994,.T.);
#1463=EDGE_CURVE('',#1135,#1161,#654,.T.);
#1464=EDGE_CURVE('',#1162,#1155,#995,.T.);
#1465=EDGE_CURVE('',#1163,#1162,#996,.T.);
#1466=EDGE_CURVE('',#1086,#1163,#44,.T.);
#1467=EDGE_CURVE('',#1164,#1089,#655,.T.);
#1468=EDGE_CURVE('',#1164,#1165,#656,.T.);
#1469=EDGE_CURVE('',#1090,#1165,#657,.T.);
#1470=EDGE_CURVE('',#1166,#1087,#658,.T.);
#1471=EDGE_CURVE('',#1167,#1166,#659,.T.);
#1472=EDGE_CURVE('',#1088,#1167,#660,.T.);
#1473=EDGE_CURVE('',#1161,#1168,#661,.T.);
#1474=EDGE_CURVE('',#1168,#1169,#662,.T.);
#1475=EDGE_CURVE('',#1116,#1169,#663,.T.);
#1476=EDGE_CURVE('',#1163,#1166,#447,.T.);
#1477=EDGE_CURVE('',#1170,#1170,#448,.T.);
#1478=EDGE_CURVE('',#1167,#1162,#449,.T.);
#1479=EDGE_CURVE('',#1171,#1158,#664,.T.);
#1480=EDGE_CURVE('',#1168,#1171,#665,.T.);
#1481=EDGE_CURVE('',#1160,#1164,#450,.T.);
#1482=EDGE_CURVE('',#1172,#1173,#666,.T.);
#1483=EDGE_CURVE('',#1174,#1172,#667,.T.);
#1484=EDGE_CURVE('',#1107,#1174,#668,.T.);
#1485=EDGE_CURVE('',#1113,#1175,#669,.T.);
#1486=EDGE_CURVE('',#1176,#1175,#670,.T.);
#1487=EDGE_CURVE('',#1177,#1176,#671,.T.);
#1488=EDGE_CURVE('',#1173,#1177,#672,.T.);
#1489=EDGE_CURVE('',#1178,#1174,#45,.T.);
#1490=EDGE_CURVE('',#1179,#1178,#997,.T.);
#1491=EDGE_CURVE('',#1180,#1179,#998,.T.);
#1492=EDGE_CURVE('',#1108,#1180,#673,.T.);
#1493=EDGE_CURVE('',#1181,#1169,#999,.T.);
#1494=EDGE_CURVE('',#1182,#1181,#1000,.T.);
#1495=EDGE_CURVE('',#1175,#1182,#46,.T.);
#1496=EDGE_CURVE('',#1183,#1173,#674,.T.);
#1497=EDGE_CURVE('',#1183,#1184,#675,.T.);
#1498=EDGE_CURVE('',#1172,#1184,#676,.T.);
#1499=EDGE_CURVE('',#1185,#1176,#677,.T.);
#1500=EDGE_CURVE('',#1186,#1185,#678,.T.);
#1501=EDGE_CURVE('',#1177,#1186,#679,.T.);
#1502=EDGE_CURVE('',#1180,#1187,#680,.T.);
#1503=EDGE_CURVE('',#1109,#1187,#681,.T.);
#1504=EDGE_CURVE('',#1182,#1185,#451,.T.);
#1505=EDGE_CURVE('',#1188,#1188,#452,.T.);
#1506=EDGE_CURVE('',#1186,#1181,#453,.T.);
#1507=EDGE_CURVE('',#1189,#1171,#682,.T.);
#1508=EDGE_CURVE('',#1187,#1189,#683,.T.);
#1509=EDGE_CURVE('',#1179,#1183,#454,.T.);
#1510=EDGE_CURVE('',#1156,#1190,#684,.T.);
#1511=EDGE_CURVE('',#1190,#1190,#455,.T.);
#1512=EDGE_CURVE('',#1188,#1191,#685,.T.);
#1513=EDGE_CURVE('',#1191,#1191,#456,.T.);
#1514=EDGE_CURVE('',#1192,#1192,#457,.T.);
#1515=EDGE_CURVE('',#1192,#1193,#686,.T.);
#1516=EDGE_CURVE('',#1193,#1193,#458,.T.);
#1517=EDGE_CURVE('',#1150,#1144,#459,.T.);
#1518=EDGE_CURVE('',#1170,#1194,#687,.T.);
#1519=EDGE_CURVE('',#1194,#1194,#460,.T.);
#1520=EDGE_CURVE('',#1195,#1195,#461,.T.);
#1521=EDGE_CURVE('',#1195,#1196,#688,.T.);
#1522=EDGE_CURVE('',#1196,#1196,#462,.T.);
#1523=EDGE_CURVE('',#1184,#1178,#463,.T.);
#1524=EDGE_CURVE('',#1197,#1197,#464,.T.);
#1525=EDGE_CURVE('',#1197,#1198,#689,.T.);
#1526=EDGE_CURVE('',#1198,#1198,#465,.T.);
#1527=EDGE_CURVE('',#1165,#1159,#466,.T.);
#1528=EDGE_CURVE('',#1157,#1124,#690,.T.);
#1529=EDGE_CURVE('',#1110,#1189,#691,.T.);
#1530=EDGE_CURVE('',#1199,#1199,#467,.T.);
#1531=EDGE_CURVE('',#1199,#1200,#692,.T.);
#1532=EDGE_CURVE('',#1200,#1200,#468,.T.);
#1533=EDGE_CURVE('',#1201,#1201,#469,.T.);
#1534=EDGE_CURVE('',#1201,#1202,#693,.T.);
#1535=EDGE_CURVE('',#1202,#1202,#470,.T.);
#1536=EDGE_CURVE('',#1203,#1204,#694,.T.);
#1537=EDGE_CURVE('',#1203,#1205,#695,.T.);
#1538=EDGE_CURVE('',#1206,#1205,#696,.T.);
#1539=EDGE_CURVE('',#1204,#1206,#697,.T.);
#1540=EDGE_CURVE('',#1204,#1207,#698,.T.);
#1541=EDGE_CURVE('',#1208,#1206,#699,.T.);
#1542=EDGE_CURVE('',#1207,#1208,#700,.T.);
#1543=EDGE_CURVE('',#1209,#1207,#701,.T.);
#1544=EDGE_CURVE('',#1210,#1208,#702,.T.);
#1545=EDGE_CURVE('',#1209,#1210,#703,.T.);
#1546=EDGE_CURVE('',#1211,#1209,#471,.T.);
#1547=EDGE_CURVE('',#1212,#1210,#472,.T.);
#1548=EDGE_CURVE('',#1211,#1212,#704,.T.);
#1549=EDGE_CURVE('',#1211,#1213,#705,.T.);
#1550=EDGE_CURVE('',#1214,#1212,#706,.T.);
#1551=EDGE_CURVE('',#1213,#1214,#707,.T.);
#1552=EDGE_CURVE('',#1213,#1215,#708,.T.);
#1553=EDGE_CURVE('',#1216,#1214,#709,.T.);
#1554=EDGE_CURVE('',#1215,#1216,#710,.T.);
#1555=EDGE_CURVE('',#1215,#1217,#711,.T.);
#1556=EDGE_CURVE('',#1218,#1216,#712,.T.);
#1557=EDGE_CURVE('',#1217,#1218,#713,.T.);
#1558=EDGE_CURVE('',#1219,#1217,#714,.T.);
#1559=EDGE_CURVE('',#1220,#1218,#715,.T.);
#1560=EDGE_CURVE('',#1219,#1220,#716,.T.);
#1561=EDGE_CURVE('',#1221,#1219,#717,.T.);
#1562=EDGE_CURVE('',#1222,#1220,#718,.T.);
#1563=EDGE_CURVE('',#1221,#1222,#719,.T.);
#1564=EDGE_CURVE('',#1223,#1221,#473,.T.);
#1565=EDGE_CURVE('',#1224,#1222,#474,.T.);
#1566=EDGE_CURVE('',#1223,#1224,#720,.T.);
#1567=EDGE_CURVE('',#1223,#1225,#721,.T.);
#1568=EDGE_CURVE('',#1226,#1224,#722,.T.);
#1569=EDGE_CURVE('',#1225,#1226,#723,.T.);
#1570=EDGE_CURVE('',#1203,#1225,#724,.T.);
#1571=EDGE_CURVE('',#1205,#1226,#725,.T.);
#1572=ORIENTED_EDGE('',*,*,#1227,.T.);
#1573=ORIENTED_EDGE('',*,*,#1228,.T.);
#1574=ORIENTED_EDGE('',*,*,#1229,.T.);
#1575=ORIENTED_EDGE('',*,*,#1230,.T.);
#1576=ORIENTED_EDGE('',*,*,#1231,.T.);
#1577=ORIENTED_EDGE('',*,*,#1232,.T.);
#1578=ORIENTED_EDGE('',*,*,#1233,.T.);
#1579=ORIENTED_EDGE('',*,*,#1234,.T.);
#1580=ORIENTED_EDGE('',*,*,#1227,.F.);
#1581=ORIENTED_EDGE('',*,*,#1235,.F.);
#1582=ORIENTED_EDGE('',*,*,#1236,.F.);
#1583=ORIENTED_EDGE('',*,*,#1237,.T.);
#1584=ORIENTED_EDGE('',*,*,#1238,.T.);
#1585=ORIENTED_EDGE('',*,*,#1234,.F.);
#1586=ORIENTED_EDGE('',*,*,#1239,.F.);
#1587=ORIENTED_EDGE('',*,*,#1240,.F.);
#1588=ORIENTED_EDGE('',*,*,#1235,.T.);
#1589=ORIENTED_EDGE('',*,*,#1233,.F.);
#1590=ORIENTED_EDGE('',*,*,#1241,.T.);
#1591=ORIENTED_EDGE('',*,*,#1242,.F.);
#1592=ORIENTED_EDGE('',*,*,#1243,.F.);
#1593=ORIENTED_EDGE('',*,*,#1239,.T.);
#1594=ORIENTED_EDGE('',*,*,#1232,.F.);
#1595=ORIENTED_EDGE('',*,*,#1244,.F.);
#1596=ORIENTED_EDGE('',*,*,#1241,.F.);
#1597=ORIENTED_EDGE('',*,*,#1245,.T.);
#1598=ORIENTED_EDGE('',*,*,#1246,.T.);
#1599=ORIENTED_EDGE('',*,*,#1247,.T.);
#1600=ORIENTED_EDGE('',*,*,#1248,.T.);
#1601=ORIENTED_EDGE('',*,*,#1247,.F.);
#1602=ORIENTED_EDGE('',*,*,#1249,.F.);
#1603=ORIENTED_EDGE('',*,*,#1250,.T.);
#1604=ORIENTED_EDGE('',*,*,#1251,.T.);
#1605=ORIENTED_EDGE('',*,*,#1252,.T.);
#1606=ORIENTED_EDGE('',*,*,#1253,.T.);
#1607=ORIENTED_EDGE('',*,*,#1254,.F.);
#1608=ORIENTED_EDGE('',*,*,#1255,.F.);
#1609=ORIENTED_EDGE('',*,*,#1256,.T.);
#1610=ORIENTED_EDGE('',*,*,#1246,.F.);
#1611=ORIENTED_EDGE('',*,*,#1257,.T.);
#1612=ORIENTED_EDGE('',*,*,#1258,.T.);
#1613=ORIENTED_EDGE('',*,*,#1259,.T.);
#1614=ORIENTED_EDGE('',*,*,#1260,.T.);
#1615=ORIENTED_EDGE('',*,*,#1261,.T.);
#1616=ORIENTED_EDGE('',*,*,#1262,.T.);
#1617=ORIENTED_EDGE('',*,*,#1263,.T.);
#1618=ORIENTED_EDGE('',*,*,#1264,.T.);
#1619=ORIENTED_EDGE('',*,*,#1249,.T.);
#1620=ORIENTED_EDGE('',*,*,#1265,.T.);
#1621=ORIENTED_EDGE('',*,*,#1266,.F.);
#1622=ORIENTED_EDGE('',*,*,#1267,.F.);
#1623=ORIENTED_EDGE('',*,*,#1268,.F.);
#1624=ORIENTED_EDGE('',*,*,#1269,.F.);
#1625=ORIENTED_EDGE('',*,*,#1270,.F.);
#1626=ORIENTED_EDGE('',*,*,#1271,.F.);
#1627=ORIENTED_EDGE('',*,*,#1272,.F.);
#1628=ORIENTED_EDGE('',*,*,#1273,.T.);
#1629=ORIENTED_EDGE('',*,*,#1228,.F.);
#1630=ORIENTED_EDGE('',*,*,#1238,.F.);
#1631=ORIENTED_EDGE('',*,*,#1274,.F.);
#1632=ORIENTED_EDGE('',*,*,#1275,.T.);
#1633=ORIENTED_EDGE('',*,*,#1276,.T.);
#1634=ORIENTED_EDGE('',*,*,#1277,.F.);
#1635=ORIENTED_EDGE('',*,*,#1278,.F.);
#1636=ORIENTED_EDGE('',*,*,#1279,.F.);
#1637=ORIENTED_EDGE('',*,*,#1280,.F.);
#1638=ORIENTED_EDGE('',*,*,#1281,.F.);
#1639=ORIENTED_EDGE('',*,*,#1282,.F.);
#1640=ORIENTED_EDGE('',*,*,#1283,.F.);
#1641=ORIENTED_EDGE('',*,*,#1284,.F.);
#1642=ORIENTED_EDGE('',*,*,#1285,.F.);
#1643=ORIENTED_EDGE('',*,*,#1286,.F.);
#1644=ORIENTED_EDGE('',*,*,#1287,.F.);
#1645=ORIENTED_EDGE('',*,*,#1242,.T.);
#1646=ORIENTED_EDGE('',*,*,#1244,.T.);
#1647=ORIENTED_EDGE('',*,*,#1231,.F.);
#1648=ORIENTED_EDGE('',*,*,#1288,.F.);
#1649=ORIENTED_EDGE('',*,*,#1273,.F.);
#1650=ORIENTED_EDGE('',*,*,#1272,.T.);
#1651=ORIENTED_EDGE('',*,*,#1289,.T.);
#1652=ORIENTED_EDGE('',*,*,#1290,.T.);
#1653=ORIENTED_EDGE('',*,*,#1275,.F.);
#1654=ORIENTED_EDGE('',*,*,#1271,.T.);
#1655=ORIENTED_EDGE('',*,*,#1291,.T.);
#1656=ORIENTED_EDGE('',*,*,#1292,.T.);
#1657=ORIENTED_EDGE('',*,*,#1289,.F.);
#1658=ORIENTED_EDGE('',*,*,#1270,.T.);
#1659=ORIENTED_EDGE('',*,*,#1293,.T.);
#1660=ORIENTED_EDGE('',*,*,#1294,.T.);
#1661=ORIENTED_EDGE('',*,*,#1291,.F.);
#1662=ORIENTED_EDGE('',*,*,#1295,.F.);
#1663=ORIENTED_EDGE('',*,*,#1263,.F.);
#1664=ORIENTED_EDGE('',*,*,#1296,.T.);
#1665=ORIENTED_EDGE('',*,*,#1297,.F.);
#1666=ORIENTED_EDGE('',*,*,#1298,.F.);
#1667=ORIENTED_EDGE('',*,*,#1299,.F.);
#1668=ORIENTED_EDGE('',*,*,#1259,.F.);
#1669=ORIENTED_EDGE('',*,*,#1300,.F.);
#1670=ORIENTED_EDGE('',*,*,#1301,.F.);
#1671=ORIENTED_EDGE('',*,*,#1302,.T.);
#1672=ORIENTED_EDGE('',*,*,#1293,.F.);
#1673=ORIENTED_EDGE('',*,*,#1269,.T.);
#1674=ORIENTED_EDGE('',*,*,#1303,.F.);
#1675=ORIENTED_EDGE('',*,*,#1229,.F.);
#1676=ORIENTED_EDGE('',*,*,#1274,.T.);
#1677=ORIENTED_EDGE('',*,*,#1237,.F.);
#1678=ORIENTED_EDGE('',*,*,#1304,.F.);
#1679=ORIENTED_EDGE('',*,*,#1305,.F.);
#1680=ORIENTED_EDGE('',*,*,#1306,.F.);
#1681=ORIENTED_EDGE('',*,*,#1307,.F.);
#1682=ORIENTED_EDGE('',*,*,#1308,.F.);
#1683=ORIENTED_EDGE('',*,*,#1309,.F.);
#1684=ORIENTED_EDGE('',*,*,#1310,.F.);
#1685=ORIENTED_EDGE('',*,*,#1311,.F.);
#1686=ORIENTED_EDGE('',*,*,#1312,.F.);
#1687=ORIENTED_EDGE('',*,*,#1313,.F.);
#1688=ORIENTED_EDGE('',*,*,#1314,.F.);
#1689=ORIENTED_EDGE('',*,*,#1276,.F.);
#1690=ORIENTED_EDGE('',*,*,#1290,.F.);
#1691=ORIENTED_EDGE('',*,*,#1292,.F.);
#1692=ORIENTED_EDGE('',*,*,#1294,.F.);
#1693=ORIENTED_EDGE('',*,*,#1302,.F.);
#1694=ORIENTED_EDGE('',*,*,#1315,.F.);
#1695=ORIENTED_EDGE('',*,*,#1296,.F.);
#1696=ORIENTED_EDGE('',*,*,#1262,.F.);
#1697=ORIENTED_EDGE('',*,*,#1316,.T.);
#1698=ORIENTED_EDGE('',*,*,#1317,.F.);
#1699=ORIENTED_EDGE('',*,*,#1316,.F.);
#1700=ORIENTED_EDGE('',*,*,#1261,.F.);
#1701=ORIENTED_EDGE('',*,*,#1318,.T.);
#1702=ORIENTED_EDGE('',*,*,#1319,.F.);
#1703=ORIENTED_EDGE('',*,*,#1318,.F.);
#1704=ORIENTED_EDGE('',*,*,#1260,.F.);
#1705=ORIENTED_EDGE('',*,*,#1299,.T.);
#1706=ORIENTED_EDGE('',*,*,#1295,.T.);
#1707=ORIENTED_EDGE('',*,*,#1320,.T.);
#1708=ORIENTED_EDGE('',*,*,#1250,.F.);
#1709=ORIENTED_EDGE('',*,*,#1264,.F.);
#1710=ORIENTED_EDGE('',*,*,#1300,.T.);
#1711=ORIENTED_EDGE('',*,*,#1258,.F.);
#1712=ORIENTED_EDGE('',*,*,#1321,.T.);
#1713=ORIENTED_EDGE('',*,*,#1322,.T.);
#1714=ORIENTED_EDGE('',*,*,#1305,.T.);
#1715=ORIENTED_EDGE('',*,*,#1323,.F.);
#1716=ORIENTED_EDGE('',*,*,#1324,.T.);
#1717=ORIENTED_EDGE('',*,*,#1325,.T.);
#1718=ORIENTED_EDGE('',*,*,#1286,.T.);
#1719=ORIENTED_EDGE('',*,*,#1326,.T.);
#1720=ORIENTED_EDGE('',*,*,#1327,.F.);
#1721=ORIENTED_EDGE('',*,*,#1328,.F.);
#1722=ORIENTED_EDGE('',*,*,#1308,.T.);
#1723=ORIENTED_EDGE('',*,*,#1329,.F.);
#1724=ORIENTED_EDGE('',*,*,#1330,.T.);
#1725=ORIENTED_EDGE('',*,*,#1331,.T.);
#1726=ORIENTED_EDGE('',*,*,#1309,.T.);
#1727=ORIENTED_EDGE('',*,*,#1331,.F.);
#1728=ORIENTED_EDGE('',*,*,#1332,.F.);
#1729=ORIENTED_EDGE('',*,*,#1333,.T.);
#1730=ORIENTED_EDGE('',*,*,#1282,.T.);
#1731=ORIENTED_EDGE('',*,*,#1334,.T.);
#1732=ORIENTED_EDGE('',*,*,#1335,.F.);
#1733=ORIENTED_EDGE('',*,*,#1336,.F.);
#1734=ORIENTED_EDGE('',*,*,#1306,.T.);
#1735=ORIENTED_EDGE('',*,*,#1325,.F.);
#1736=ORIENTED_EDGE('',*,*,#1337,.T.);
#1737=ORIENTED_EDGE('',*,*,#1338,.T.);
#1738=ORIENTED_EDGE('',*,*,#1285,.T.);
#1739=ORIENTED_EDGE('',*,*,#1339,.T.);
#1740=ORIENTED_EDGE('',*,*,#1340,.F.);
#1741=ORIENTED_EDGE('',*,*,#1326,.F.);
#1742=ORIENTED_EDGE('',*,*,#1310,.T.);
#1743=ORIENTED_EDGE('',*,*,#1333,.F.);
#1744=ORIENTED_EDGE('',*,*,#1341,.T.);
#1745=ORIENTED_EDGE('',*,*,#1342,.T.);
#1746=ORIENTED_EDGE('',*,*,#1281,.T.);
#1747=ORIENTED_EDGE('',*,*,#1343,.T.);
#1748=ORIENTED_EDGE('',*,*,#1344,.F.);
#1749=ORIENTED_EDGE('',*,*,#1334,.F.);
#1750=ORIENTED_EDGE('',*,*,#1307,.T.);
#1751=ORIENTED_EDGE('',*,*,#1338,.F.);
#1752=ORIENTED_EDGE('',*,*,#1345,.F.);
#1753=ORIENTED_EDGE('',*,*,#1329,.T.);
#1754=ORIENTED_EDGE('',*,*,#1284,.T.);
#1755=ORIENTED_EDGE('',*,*,#1346,.T.);
#1756=ORIENTED_EDGE('',*,*,#1347,.F.);
#1757=ORIENTED_EDGE('',*,*,#1339,.F.);
#1758=ORIENTED_EDGE('',*,*,#1277,.T.);
#1759=ORIENTED_EDGE('',*,*,#1314,.T.);
#1760=ORIENTED_EDGE('',*,*,#1301,.T.);
#1761=ORIENTED_EDGE('',*,*,#1348,.T.);
#1762=ORIENTED_EDGE('',*,*,#1349,.T.);
#1763=ORIENTED_EDGE('',*,*,#1350,.F.);
#1764=ORIENTED_EDGE('',*,*,#1351,.F.);
#1765=ORIENTED_EDGE('',*,*,#1352,.F.);
#1766=ORIENTED_EDGE('',*,*,#1353,.F.);
#1767=ORIENTED_EDGE('',*,*,#1354,.F.);
#1768=ORIENTED_EDGE('',*,*,#1355,.F.);
#1769=ORIENTED_EDGE('',*,*,#1356,.T.);
#1770=ORIENTED_EDGE('',*,*,#1311,.T.);
#1771=ORIENTED_EDGE('',*,*,#1342,.F.);
#1772=ORIENTED_EDGE('',*,*,#1357,.F.);
#1773=ORIENTED_EDGE('',*,*,#1358,.T.);
#1774=ORIENTED_EDGE('',*,*,#1280,.T.);
#1775=ORIENTED_EDGE('',*,*,#1359,.T.);
#1776=ORIENTED_EDGE('',*,*,#1360,.F.);
#1777=ORIENTED_EDGE('',*,*,#1343,.F.);
#1778=ORIENTED_EDGE('',*,*,#1312,.T.);
#1779=ORIENTED_EDGE('',*,*,#1358,.F.);
#1780=ORIENTED_EDGE('',*,*,#1361,.F.);
#1781=ORIENTED_EDGE('',*,*,#1362,.F.);
#1782=ORIENTED_EDGE('',*,*,#1363,.F.);
#1783=ORIENTED_EDGE('',*,*,#1364,.F.);
#1784=ORIENTED_EDGE('',*,*,#1365,.T.);
#1785=ORIENTED_EDGE('',*,*,#1279,.T.);
#1786=ORIENTED_EDGE('',*,*,#1366,.T.);
#1787=ORIENTED_EDGE('',*,*,#1367,.F.);
#1788=ORIENTED_EDGE('',*,*,#1368,.F.);
#1789=ORIENTED_EDGE('',*,*,#1369,.F.);
#1790=ORIENTED_EDGE('',*,*,#1370,.F.);
#1791=ORIENTED_EDGE('',*,*,#1359,.F.);
#1792=ORIENTED_EDGE('',*,*,#1313,.T.);
#1793=ORIENTED_EDGE('',*,*,#1365,.F.);
#1794=ORIENTED_EDGE('',*,*,#1371,.F.);
#1795=ORIENTED_EDGE('',*,*,#1348,.F.);
#1796=ORIENTED_EDGE('',*,*,#1278,.T.);
#1797=ORIENTED_EDGE('',*,*,#1356,.F.);
#1798=ORIENTED_EDGE('',*,*,#1372,.F.);
#1799=ORIENTED_EDGE('',*,*,#1366,.F.);
#1800=ORIENTED_EDGE('',*,*,#1373,.F.);
#1801=ORIENTED_EDGE('',*,*,#1374,.T.);
#1802=ORIENTED_EDGE('',*,*,#1375,.T.);
#1803=ORIENTED_EDGE('',*,*,#1376,.F.);
#1804=ORIENTED_EDGE('',*,*,#1254,.T.);
#1805=ORIENTED_EDGE('',*,*,#1377,.T.);
#1806=ORIENTED_EDGE('',*,*,#1374,.F.);
#1807=ORIENTED_EDGE('',*,*,#1378,.T.);
#1808=ORIENTED_EDGE('',*,*,#1379,.T.);
#1809=ORIENTED_EDGE('',*,*,#1380,.T.);
#1810=ORIENTED_EDGE('',*,*,#1381,.T.);
#1811=ORIENTED_EDGE('',*,*,#1382,.F.);
#1812=ORIENTED_EDGE('',*,*,#1383,.F.);
#1813=ORIENTED_EDGE('',*,*,#1384,.T.);
#1814=ORIENTED_EDGE('',*,*,#1385,.T.);
#1815=ORIENTED_EDGE('',*,*,#1386,.T.);
#1816=ORIENTED_EDGE('',*,*,#1369,.T.);
#1817=ORIENTED_EDGE('',*,*,#1387,.F.);
#1818=ORIENTED_EDGE('',*,*,#1388,.T.);
#1819=ORIENTED_EDGE('',*,*,#1389,.T.);
#1820=ORIENTED_EDGE('',*,*,#1390,.T.);
#1821=ORIENTED_EDGE('',*,*,#1391,.T.);
#1822=ORIENTED_EDGE('',*,*,#1327,.T.);
#1823=ORIENTED_EDGE('',*,*,#1340,.T.);
#1824=ORIENTED_EDGE('',*,*,#1347,.T.);
#1825=ORIENTED_EDGE('',*,*,#1392,.T.);
#1826=ORIENTED_EDGE('',*,*,#1335,.T.);
#1827=ORIENTED_EDGE('',*,*,#1344,.T.);
#1828=ORIENTED_EDGE('',*,*,#1360,.T.);
#1829=ORIENTED_EDGE('',*,*,#1370,.T.);
#1830=ORIENTED_EDGE('',*,*,#1386,.F.);
#1831=ORIENTED_EDGE('',*,*,#1393,.F.);
#1832=ORIENTED_EDGE('',*,*,#1394,.T.);
#1833=ORIENTED_EDGE('',*,*,#1267,.T.);
#1834=ORIENTED_EDGE('',*,*,#1395,.F.);
#1835=ORIENTED_EDGE('',*,*,#1396,.T.);
#1836=ORIENTED_EDGE('',*,*,#1397,.T.);
#1837=ORIENTED_EDGE('',*,*,#1396,.F.);
#1838=ORIENTED_EDGE('',*,*,#1398,.T.);
#1839=ORIENTED_EDGE('',*,*,#1399,.T.);
#1840=ORIENTED_EDGE('',*,*,#1400,.F.);
#1841=ORIENTED_EDGE('',*,*,#1401,.F.);
#1842=ORIENTED_EDGE('',*,*,#1402,.F.);
#1843=ORIENTED_EDGE('',*,*,#1403,.T.);
#1844=ORIENTED_EDGE('',*,*,#1404,.T.);
#1845=ORIENTED_EDGE('',*,*,#1245,.F.);
#1846=ORIENTED_EDGE('',*,*,#1405,.F.);
#1847=ORIENTED_EDGE('',*,*,#1265,.F.);
#1848=ORIENTED_EDGE('',*,*,#1394,.F.);
#1849=ORIENTED_EDGE('',*,*,#1406,.T.);
#1850=ORIENTED_EDGE('',*,*,#1407,.F.);
#1851=ORIENTED_EDGE('',*,*,#1408,.F.);
#1852=ORIENTED_EDGE('',*,*,#1321,.F.);
#1853=ORIENTED_EDGE('',*,*,#1257,.F.);
#1854=ORIENTED_EDGE('',*,*,#1255,.T.);
#1855=ORIENTED_EDGE('',*,*,#1376,.T.);
#1856=ORIENTED_EDGE('',*,*,#1409,.F.);
#1857=ORIENTED_EDGE('',*,*,#1248,.F.);
#1858=ORIENTED_EDGE('',*,*,#1256,.F.);
#1859=ORIENTED_EDGE('',*,*,#1409,.T.);
#1860=ORIENTED_EDGE('',*,*,#1375,.F.);
#1861=ORIENTED_EDGE('',*,*,#1384,.F.);
#1862=ORIENTED_EDGE('',*,*,#1410,.F.);
#1863=ORIENTED_EDGE('',*,*,#1398,.F.);
#1864=ORIENTED_EDGE('',*,*,#1395,.T.);
#1865=ORIENTED_EDGE('',*,*,#1266,.T.);
#1866=ORIENTED_EDGE('',*,*,#1405,.T.);
#1867=ORIENTED_EDGE('',*,*,#1303,.T.);
#1868=ORIENTED_EDGE('',*,*,#1268,.T.);
#1869=ORIENTED_EDGE('',*,*,#1288,.T.);
#1870=ORIENTED_EDGE('',*,*,#1230,.F.);
#1871=ORIENTED_EDGE('',*,*,#1283,.T.);
#1872=ORIENTED_EDGE('',*,*,#1336,.T.);
#1873=ORIENTED_EDGE('',*,*,#1392,.F.);
#1874=ORIENTED_EDGE('',*,*,#1346,.F.);
#1875=ORIENTED_EDGE('',*,*,#1287,.T.);
#1876=ORIENTED_EDGE('',*,*,#1328,.T.);
#1877=ORIENTED_EDGE('',*,*,#1391,.F.);
#1878=ORIENTED_EDGE('',*,*,#1411,.F.);
#1879=ORIENTED_EDGE('',*,*,#1377,.F.);
#1880=ORIENTED_EDGE('',*,*,#1253,.F.);
#1881=ORIENTED_EDGE('',*,*,#1412,.F.);
#1882=ORIENTED_EDGE('',*,*,#1406,.F.);
#1883=ORIENTED_EDGE('',*,*,#1393,.T.);
#1884=ORIENTED_EDGE('',*,*,#1413,.T.);
#1885=ORIENTED_EDGE('',*,*,#1414,.F.);
#1886=ORIENTED_EDGE('',*,*,#1323,.T.);
#1887=ORIENTED_EDGE('',*,*,#1304,.T.);
#1888=ORIENTED_EDGE('',*,*,#1236,.T.);
#1889=ORIENTED_EDGE('',*,*,#1240,.T.);
#1890=ORIENTED_EDGE('',*,*,#1243,.T.);
#1891=ORIENTED_EDGE('',*,*,#1407,.T.);
#1892=ORIENTED_EDGE('',*,*,#1412,.T.);
#1893=ORIENTED_EDGE('',*,*,#1252,.F.);
#1894=ORIENTED_EDGE('',*,*,#1415,.F.);
#1895=ORIENTED_EDGE('',*,*,#1298,.T.);
#1896=ORIENTED_EDGE('',*,*,#1322,.F.);
#1897=ORIENTED_EDGE('',*,*,#1408,.T.);
#1898=ORIENTED_EDGE('',*,*,#1415,.T.);
#1899=ORIENTED_EDGE('',*,*,#1251,.F.);
#1900=ORIENTED_EDGE('',*,*,#1320,.F.);
#1901=ORIENTED_EDGE('',*,*,#1297,.T.);
#1902=ORIENTED_EDGE('',*,*,#1315,.T.);
#1903=ORIENTED_EDGE('',*,*,#1317,.T.);
#1904=ORIENTED_EDGE('',*,*,#1319,.T.);
#1905=ORIENTED_EDGE('',*,*,#1416,.T.);
#1906=ORIENTED_EDGE('',*,*,#1417,.F.);
#1907=ORIENTED_EDGE('',*,*,#1361,.T.);
#1908=ORIENTED_EDGE('',*,*,#1357,.T.);
#1909=ORIENTED_EDGE('',*,*,#1341,.F.);
#1910=ORIENTED_EDGE('',*,*,#1332,.T.);
#1911=ORIENTED_EDGE('',*,*,#1330,.F.);
#1912=ORIENTED_EDGE('',*,*,#1345,.T.);
#1913=ORIENTED_EDGE('',*,*,#1337,.F.);
#1914=ORIENTED_EDGE('',*,*,#1324,.F.);
#1915=ORIENTED_EDGE('',*,*,#1414,.T.);
#1916=ORIENTED_EDGE('',*,*,#1418,.T.);
#1917=ORIENTED_EDGE('',*,*,#1419,.T.);
#1918=ORIENTED_EDGE('',*,*,#1420,.F.);
#1919=ORIENTED_EDGE('',*,*,#1421,.T.);
#1920=ORIENTED_EDGE('',*,*,#1362,.T.);
#1921=ORIENTED_EDGE('',*,*,#1417,.T.);
#1922=ORIENTED_EDGE('',*,*,#1410,.T.);
#1923=ORIENTED_EDGE('',*,*,#1383,.T.);
#1924=ORIENTED_EDGE('',*,*,#1422,.F.);
#1925=ORIENTED_EDGE('',*,*,#1399,.F.);
#1926=ORIENTED_EDGE('',*,*,#1368,.T.);
#1927=ORIENTED_EDGE('',*,*,#1423,.T.);
#1928=ORIENTED_EDGE('',*,*,#1424,.T.);
#1929=ORIENTED_EDGE('',*,*,#1387,.T.);
#1930=ORIENTED_EDGE('',*,*,#1363,.T.);
#1931=ORIENTED_EDGE('',*,*,#1421,.F.);
#1932=ORIENTED_EDGE('',*,*,#1425,.T.);
#1933=ORIENTED_EDGE('',*,*,#1426,.T.);
#1934=ORIENTED_EDGE('',*,*,#1427,.F.);
#1935=ORIENTED_EDGE('',*,*,#1428,.F.);
#1936=ORIENTED_EDGE('',*,*,#1429,.F.);
#1937=ORIENTED_EDGE('',*,*,#1418,.F.);
#1938=ORIENTED_EDGE('',*,*,#1416,.F.);
#1939=ORIENTED_EDGE('',*,*,#1413,.F.);
#1940=ORIENTED_EDGE('',*,*,#1397,.F.);
#1941=ORIENTED_EDGE('',*,*,#1404,.F.);
#1942=ORIENTED_EDGE('',*,*,#1430,.T.);
#1943=ORIENTED_EDGE('',*,*,#1431,.F.);
#1944=ORIENTED_EDGE('',*,*,#1432,.F.);
#1945=ORIENTED_EDGE('',*,*,#1433,.F.);
#1946=ORIENTED_EDGE('',*,*,#1434,.F.);
#1947=ORIENTED_EDGE('',*,*,#1435,.F.);
#1948=ORIENTED_EDGE('',*,*,#1436,.F.);
#1949=ORIENTED_EDGE('',*,*,#1419,.F.);
#1950=ORIENTED_EDGE('',*,*,#1429,.T.);
#1951=ORIENTED_EDGE('',*,*,#1437,.F.);
#1952=ORIENTED_EDGE('',*,*,#1403,.F.);
#1953=ORIENTED_EDGE('',*,*,#1438,.T.);
#1954=ORIENTED_EDGE('',*,*,#1439,.F.);
#1955=ORIENTED_EDGE('',*,*,#1440,.F.);
#1956=ORIENTED_EDGE('',*,*,#1441,.F.);
#1957=ORIENTED_EDGE('',*,*,#1430,.F.);
#1958=ORIENTED_EDGE('',*,*,#1427,.T.);
#1959=ORIENTED_EDGE('',*,*,#1442,.F.);
#1960=ORIENTED_EDGE('',*,*,#1443,.T.);
#1961=ORIENTED_EDGE('',*,*,#1444,.F.);
#1962=ORIENTED_EDGE('',*,*,#1432,.T.);
#1963=ORIENTED_EDGE('',*,*,#1445,.F.);
#1964=ORIENTED_EDGE('',*,*,#1446,.F.);
#1965=ORIENTED_EDGE('',*,*,#1447,.F.);
#1966=ORIENTED_EDGE('',*,*,#1438,.F.);
#1967=ORIENTED_EDGE('',*,*,#1402,.T.);
#1968=ORIENTED_EDGE('',*,*,#1448,.T.);
#1969=ORIENTED_EDGE('',*,*,#1449,.F.);
#1970=ORIENTED_EDGE('',*,*,#1436,.T.);
#1971=ORIENTED_EDGE('',*,*,#1450,.F.);
#1972=ORIENTED_EDGE('',*,*,#1451,.T.);
#1973=ORIENTED_EDGE('',*,*,#1452,.F.);
#1974=ORIENTED_EDGE('',*,*,#1425,.F.);
#1975=ORIENTED_EDGE('',*,*,#1420,.T.);
#1976=ORIENTED_EDGE('',*,*,#1431,.T.);
#1977=ORIENTED_EDGE('',*,*,#1441,.T.);
#1978=ORIENTED_EDGE('',*,*,#1453,.T.);
#1979=ORIENTED_EDGE('',*,*,#1445,.T.);
#1980=ORIENTED_EDGE('',*,*,#1454,.T.);
#1981=ORIENTED_EDGE('',*,*,#1433,.T.);
#1982=ORIENTED_EDGE('',*,*,#1447,.T.);
#1983=ORIENTED_EDGE('',*,*,#1455,.T.);
#1984=ORIENTED_EDGE('',*,*,#1439,.T.);
#1985=ORIENTED_EDGE('',*,*,#1449,.T.);
#1986=ORIENTED_EDGE('',*,*,#1456,.T.);
#1987=ORIENTED_EDGE('',*,*,#1457,.F.);
#1988=ORIENTED_EDGE('',*,*,#1458,.F.);
#1989=ORIENTED_EDGE('',*,*,#1450,.T.);
#1990=ORIENTED_EDGE('',*,*,#1435,.T.);
#1991=ORIENTED_EDGE('',*,*,#1459,.T.);
#1992=ORIENTED_EDGE('',*,*,#1442,.T.);
#1993=ORIENTED_EDGE('',*,*,#1372,.T.);
#1994=ORIENTED_EDGE('',*,*,#1355,.T.);
#1995=ORIENTED_EDGE('',*,*,#1460,.F.);
#1996=ORIENTED_EDGE('',*,*,#1461,.F.);
#1997=ORIENTED_EDGE('',*,*,#1462,.F.);
#1998=ORIENTED_EDGE('',*,*,#1463,.F.);
#1999=ORIENTED_EDGE('',*,*,#1423,.F.);
#2000=ORIENTED_EDGE('',*,*,#1367,.T.);
#2001=ORIENTED_EDGE('',*,*,#1364,.T.);
#2002=ORIENTED_EDGE('',*,*,#1426,.F.);
#2003=ORIENTED_EDGE('',*,*,#1452,.T.);
#2004=ORIENTED_EDGE('',*,*,#1464,.F.);
#2005=ORIENTED_EDGE('',*,*,#1465,.F.);
#2006=ORIENTED_EDGE('',*,*,#1466,.F.);
#2007=ORIENTED_EDGE('',*,*,#1349,.F.);
#2008=ORIENTED_EDGE('',*,*,#1371,.T.);
#2009=ORIENTED_EDGE('',*,*,#1353,.T.);
#2010=ORIENTED_EDGE('',*,*,#1467,.F.);
#2011=ORIENTED_EDGE('',*,*,#1468,.T.);
#2012=ORIENTED_EDGE('',*,*,#1469,.F.);
#2013=ORIENTED_EDGE('',*,*,#1351,.T.);
#2014=ORIENTED_EDGE('',*,*,#1470,.F.);
#2015=ORIENTED_EDGE('',*,*,#1471,.F.);
#2016=ORIENTED_EDGE('',*,*,#1472,.F.);
#2017=ORIENTED_EDGE('',*,*,#1463,.T.);
#2018=ORIENTED_EDGE('',*,*,#1473,.T.);
#2019=ORIENTED_EDGE('',*,*,#1474,.T.);
#2020=ORIENTED_EDGE('',*,*,#1475,.F.);
#2021=ORIENTED_EDGE('',*,*,#1388,.F.);
#2022=ORIENTED_EDGE('',*,*,#1424,.F.);
#2023=ORIENTED_EDGE('',*,*,#1350,.T.);
#2024=ORIENTED_EDGE('',*,*,#1466,.T.);
#2025=ORIENTED_EDGE('',*,*,#1476,.T.);
#2026=ORIENTED_EDGE('',*,*,#1470,.T.);
#2027=ORIENTED_EDGE('',*,*,#1477,.T.);
#2028=ORIENTED_EDGE('',*,*,#1352,.T.);
#2029=ORIENTED_EDGE('',*,*,#1472,.T.);
#2030=ORIENTED_EDGE('',*,*,#1478,.T.);
#2031=ORIENTED_EDGE('',*,*,#1464,.T.);
#2032=ORIENTED_EDGE('',*,*,#1451,.F.);
#2033=ORIENTED_EDGE('',*,*,#1458,.T.);
#2034=ORIENTED_EDGE('',*,*,#1479,.F.);
#2035=ORIENTED_EDGE('',*,*,#1480,.F.);
#2036=ORIENTED_EDGE('',*,*,#1473,.F.);
#2037=ORIENTED_EDGE('',*,*,#1462,.T.);
#2038=ORIENTED_EDGE('',*,*,#1481,.T.);
#2039=ORIENTED_EDGE('',*,*,#1467,.T.);
#2040=ORIENTED_EDGE('',*,*,#1482,.F.);
#2041=ORIENTED_EDGE('',*,*,#1483,.F.);
#2042=ORIENTED_EDGE('',*,*,#1484,.F.);
#2043=ORIENTED_EDGE('',*,*,#1378,.F.);
#2044=ORIENTED_EDGE('',*,*,#1373,.T.);
#2045=ORIENTED_EDGE('',*,*,#1411,.T.);
#2046=ORIENTED_EDGE('',*,*,#1390,.F.);
#2047=ORIENTED_EDGE('',*,*,#1385,.F.);
#2048=ORIENTED_EDGE('',*,*,#1485,.T.);
#2049=ORIENTED_EDGE('',*,*,#1486,.F.);
#2050=ORIENTED_EDGE('',*,*,#1487,.F.);
#2051=ORIENTED_EDGE('',*,*,#1488,.F.);
#2052=ORIENTED_EDGE('',*,*,#1379,.F.);
#2053=ORIENTED_EDGE('',*,*,#1484,.T.);
#2054=ORIENTED_EDGE('',*,*,#1489,.F.);
#2055=ORIENTED_EDGE('',*,*,#1490,.F.);
#2056=ORIENTED_EDGE('',*,*,#1491,.F.);
#2057=ORIENTED_EDGE('',*,*,#1492,.F.);
#2058=ORIENTED_EDGE('',*,*,#1389,.F.);
#2059=ORIENTED_EDGE('',*,*,#1475,.T.);
#2060=ORIENTED_EDGE('',*,*,#1493,.F.);
#2061=ORIENTED_EDGE('',*,*,#1494,.F.);
#2062=ORIENTED_EDGE('',*,*,#1495,.F.);
#2063=ORIENTED_EDGE('',*,*,#1485,.F.);
#2064=ORIENTED_EDGE('',*,*,#1482,.T.);
#2065=ORIENTED_EDGE('',*,*,#1496,.F.);
#2066=ORIENTED_EDGE('',*,*,#1497,.T.);
#2067=ORIENTED_EDGE('',*,*,#1498,.F.);
#2068=ORIENTED_EDGE('',*,*,#1487,.T.);
#2069=ORIENTED_EDGE('',*,*,#1499,.F.);
#2070=ORIENTED_EDGE('',*,*,#1500,.F.);
#2071=ORIENTED_EDGE('',*,*,#1501,.F.);
#2072=ORIENTED_EDGE('',*,*,#1492,.T.);
#2073=ORIENTED_EDGE('',*,*,#1502,.T.);
#2074=ORIENTED_EDGE('',*,*,#1503,.F.);
#2075=ORIENTED_EDGE('',*,*,#1380,.F.);
#2076=ORIENTED_EDGE('',*,*,#1486,.T.);
#2077=ORIENTED_EDGE('',*,*,#1495,.T.);
#2078=ORIENTED_EDGE('',*,*,#1504,.T.);
#2079=ORIENTED_EDGE('',*,*,#1499,.T.);
#2080=ORIENTED_EDGE('',*,*,#1505,.T.);
#2081=ORIENTED_EDGE('',*,*,#1488,.T.);
#2082=ORIENTED_EDGE('',*,*,#1501,.T.);
#2083=ORIENTED_EDGE('',*,*,#1506,.T.);
#2084=ORIENTED_EDGE('',*,*,#1493,.T.);
#2085=ORIENTED_EDGE('',*,*,#1474,.F.);
#2086=ORIENTED_EDGE('',*,*,#1480,.T.);
#2087=ORIENTED_EDGE('',*,*,#1507,.F.);
#2088=ORIENTED_EDGE('',*,*,#1508,.F.);
#2089=ORIENTED_EDGE('',*,*,#1502,.F.);
#2090=ORIENTED_EDGE('',*,*,#1491,.T.);
#2091=ORIENTED_EDGE('',*,*,#1509,.T.);
#2092=ORIENTED_EDGE('',*,*,#1496,.T.);
#2093=ORIENTED_EDGE('',*,*,#1454,.F.);
#2094=ORIENTED_EDGE('',*,*,#1510,.T.);
#2095=ORIENTED_EDGE('',*,*,#1511,.F.);
#2096=ORIENTED_EDGE('',*,*,#1510,.F.);
#2097=ORIENTED_EDGE('',*,*,#1440,.T.);
#2098=ORIENTED_EDGE('',*,*,#1455,.F.);
#2099=ORIENTED_EDGE('',*,*,#1446,.T.);
#2100=ORIENTED_EDGE('',*,*,#1453,.F.);
#2101=ORIENTED_EDGE('',*,*,#1511,.T.);
#2102=ORIENTED_EDGE('',*,*,#1505,.F.);
#2103=ORIENTED_EDGE('',*,*,#1512,.T.);
#2104=ORIENTED_EDGE('',*,*,#1513,.F.);
#2105=ORIENTED_EDGE('',*,*,#1512,.F.);
#2106=ORIENTED_EDGE('',*,*,#1494,.T.);
#2107=ORIENTED_EDGE('',*,*,#1506,.F.);
#2108=ORIENTED_EDGE('',*,*,#1500,.T.);
#2109=ORIENTED_EDGE('',*,*,#1504,.F.);
#2110=ORIENTED_EDGE('',*,*,#1513,.T.);
#2111=ORIENTED_EDGE('',*,*,#1514,.F.);
#2112=ORIENTED_EDGE('',*,*,#1515,.T.);
#2113=ORIENTED_EDGE('',*,*,#1516,.F.);
#2114=ORIENTED_EDGE('',*,*,#1515,.F.);
#2115=ORIENTED_EDGE('',*,*,#1434,.T.);
#2116=ORIENTED_EDGE('',*,*,#1517,.F.);
#2117=ORIENTED_EDGE('',*,*,#1443,.F.);
#2118=ORIENTED_EDGE('',*,*,#1459,.F.);
#2119=ORIENTED_EDGE('',*,*,#1428,.T.);
#2120=ORIENTED_EDGE('',*,*,#1444,.T.);
#2121=ORIENTED_EDGE('',*,*,#1517,.T.);
#2122=ORIENTED_EDGE('',*,*,#1437,.T.);
#2123=ORIENTED_EDGE('',*,*,#1514,.T.);
#2124=ORIENTED_EDGE('',*,*,#1516,.T.);
#2125=ORIENTED_EDGE('',*,*,#1477,.F.);
#2126=ORIENTED_EDGE('',*,*,#1518,.T.);
#2127=ORIENTED_EDGE('',*,*,#1519,.F.);
#2128=ORIENTED_EDGE('',*,*,#1518,.F.);
#2129=ORIENTED_EDGE('',*,*,#1465,.T.);
#2130=ORIENTED_EDGE('',*,*,#1478,.F.);
#2131=ORIENTED_EDGE('',*,*,#1471,.T.);
#2132=ORIENTED_EDGE('',*,*,#1476,.F.);
#2133=ORIENTED_EDGE('',*,*,#1519,.T.);
#2134=ORIENTED_EDGE('',*,*,#1520,.F.);
#2135=ORIENTED_EDGE('',*,*,#1521,.T.);
#2136=ORIENTED_EDGE('',*,*,#1522,.F.);
#2137=ORIENTED_EDGE('',*,*,#1521,.F.);
#2138=ORIENTED_EDGE('',*,*,#1490,.T.);
#2139=ORIENTED_EDGE('',*,*,#1523,.F.);
#2140=ORIENTED_EDGE('',*,*,#1497,.F.);
#2141=ORIENTED_EDGE('',*,*,#1509,.F.);
#2142=ORIENTED_EDGE('',*,*,#1483,.T.);
#2143=ORIENTED_EDGE('',*,*,#1498,.T.);
#2144=ORIENTED_EDGE('',*,*,#1523,.T.);
#2145=ORIENTED_EDGE('',*,*,#1489,.T.);
#2146=ORIENTED_EDGE('',*,*,#1520,.T.);
#2147=ORIENTED_EDGE('',*,*,#1522,.T.);
#2148=ORIENTED_EDGE('',*,*,#1524,.F.);
#2149=ORIENTED_EDGE('',*,*,#1525,.T.);
#2150=ORIENTED_EDGE('',*,*,#1526,.F.);
#2151=ORIENTED_EDGE('',*,*,#1525,.F.);
#2152=ORIENTED_EDGE('',*,*,#1461,.T.);
#2153=ORIENTED_EDGE('',*,*,#1527,.F.);
#2154=ORIENTED_EDGE('',*,*,#1468,.F.);
#2155=ORIENTED_EDGE('',*,*,#1481,.F.);
#2156=ORIENTED_EDGE('',*,*,#1354,.T.);
#2157=ORIENTED_EDGE('',*,*,#1469,.T.);
#2158=ORIENTED_EDGE('',*,*,#1527,.T.);
#2159=ORIENTED_EDGE('',*,*,#1460,.T.);
#2160=ORIENTED_EDGE('',*,*,#1524,.T.);
#2161=ORIENTED_EDGE('',*,*,#1526,.T.);
#2162=ORIENTED_EDGE('',*,*,#1448,.F.);
#2163=ORIENTED_EDGE('',*,*,#1401,.T.);
#2164=ORIENTED_EDGE('',*,*,#1528,.F.);
#2165=ORIENTED_EDGE('',*,*,#1456,.F.);
#2166=ORIENTED_EDGE('',*,*,#1503,.T.);
#2167=ORIENTED_EDGE('',*,*,#1508,.T.);
#2168=ORIENTED_EDGE('',*,*,#1529,.F.);
#2169=ORIENTED_EDGE('',*,*,#1381,.F.);
#2170=ORIENTED_EDGE('',*,*,#1422,.T.);
#2171=ORIENTED_EDGE('',*,*,#1382,.T.);
#2172=ORIENTED_EDGE('',*,*,#1529,.T.);
#2173=ORIENTED_EDGE('',*,*,#1507,.T.);
#2174=ORIENTED_EDGE('',*,*,#1479,.T.);
#2175=ORIENTED_EDGE('',*,*,#1457,.T.);
#2176=ORIENTED_EDGE('',*,*,#1528,.T.);
#2177=ORIENTED_EDGE('',*,*,#1400,.T.);
#2178=ORIENTED_EDGE('',*,*,#1530,.F.);
#2179=ORIENTED_EDGE('',*,*,#1531,.T.);
#2180=ORIENTED_EDGE('',*,*,#1532,.T.);
#2181=ORIENTED_EDGE('',*,*,#1531,.F.);
#2182=ORIENTED_EDGE('',*,*,#1533,.F.);
#2183=ORIENTED_EDGE('',*,*,#1534,.T.);
#2184=ORIENTED_EDGE('',*,*,#1535,.T.);
#2185=ORIENTED_EDGE('',*,*,#1534,.F.);
#2186=ORIENTED_EDGE('',*,*,#1536,.F.);
#2187=ORIENTED_EDGE('',*,*,#1537,.T.);
#2188=ORIENTED_EDGE('',*,*,#1538,.F.);
#2189=ORIENTED_EDGE('',*,*,#1539,.F.);
#2190=ORIENTED_EDGE('',*,*,#1540,.F.);
#2191=ORIENTED_EDGE('',*,*,#1539,.T.);
#2192=ORIENTED_EDGE('',*,*,#1541,.F.);
#2193=ORIENTED_EDGE('',*,*,#1542,.F.);
#2194=ORIENTED_EDGE('',*,*,#1543,.T.);
#2195=ORIENTED_EDGE('',*,*,#1542,.T.);
#2196=ORIENTED_EDGE('',*,*,#1544,.F.);
#2197=ORIENTED_EDGE('',*,*,#1545,.F.);
#2198=ORIENTED_EDGE('',*,*,#1546,.T.);
#2199=ORIENTED_EDGE('',*,*,#1545,.T.);
#2200=ORIENTED_EDGE('',*,*,#1547,.F.);
#2201=ORIENTED_EDGE('',*,*,#1548,.F.);
#2202=ORIENTED_EDGE('',*,*,#1549,.F.);
#2203=ORIENTED_EDGE('',*,*,#1548,.T.);
#2204=ORIENTED_EDGE('',*,*,#1550,.F.);
#2205=ORIENTED_EDGE('',*,*,#1551,.F.);
#2206=ORIENTED_EDGE('',*,*,#1552,.F.);
#2207=ORIENTED_EDGE('',*,*,#1551,.T.);
#2208=ORIENTED_EDGE('',*,*,#1553,.F.);
#2209=ORIENTED_EDGE('',*,*,#1554,.F.);
#2210=ORIENTED_EDGE('',*,*,#1555,.F.);
#2211=ORIENTED_EDGE('',*,*,#1554,.T.);
#2212=ORIENTED_EDGE('',*,*,#1556,.F.);
#2213=ORIENTED_EDGE('',*,*,#1557,.F.);
#2214=ORIENTED_EDGE('',*,*,#1558,.T.);
#2215=ORIENTED_EDGE('',*,*,#1557,.T.);
#2216=ORIENTED_EDGE('',*,*,#1559,.F.);
#2217=ORIENTED_EDGE('',*,*,#1560,.F.);
#2218=ORIENTED_EDGE('',*,*,#1561,.T.);
#2219=ORIENTED_EDGE('',*,*,#1560,.T.);
#2220=ORIENTED_EDGE('',*,*,#1562,.F.);
#2221=ORIENTED_EDGE('',*,*,#1563,.F.);
#2222=ORIENTED_EDGE('',*,*,#1564,.T.);
#2223=ORIENTED_EDGE('',*,*,#1563,.T.);
#2224=ORIENTED_EDGE('',*,*,#1565,.F.);
#2225=ORIENTED_EDGE('',*,*,#1566,.F.);
#2226=ORIENTED_EDGE('',*,*,#1567,.F.);
#2227=ORIENTED_EDGE('',*,*,#1566,.T.);
#2228=ORIENTED_EDGE('',*,*,#1568,.F.);
#2229=ORIENTED_EDGE('',*,*,#1569,.F.);
#2230=ORIENTED_EDGE('',*,*,#1570,.T.);
#2231=ORIENTED_EDGE('',*,*,#1569,.T.);
#2232=ORIENTED_EDGE('',*,*,#1571,.F.);
#2233=ORIENTED_EDGE('',*,*,#1537,.F.);
#2234=ORIENTED_EDGE('',*,*,#1571,.T.);
#2235=ORIENTED_EDGE('',*,*,#1568,.T.);
#2236=ORIENTED_EDGE('',*,*,#1565,.T.);
#2237=ORIENTED_EDGE('',*,*,#1562,.T.);
#2238=ORIENTED_EDGE('',*,*,#1559,.T.);
#2239=ORIENTED_EDGE('',*,*,#1556,.T.);
#2240=ORIENTED_EDGE('',*,*,#1553,.T.);
#2241=ORIENTED_EDGE('',*,*,#1550,.T.);
#2242=ORIENTED_EDGE('',*,*,#1547,.T.);
#2243=ORIENTED_EDGE('',*,*,#1544,.T.);
#2244=ORIENTED_EDGE('',*,*,#1541,.T.);
#2245=ORIENTED_EDGE('',*,*,#1538,.T.);
#2246=ORIENTED_EDGE('',*,*,#1533,.T.);
#2247=ORIENTED_EDGE('',*,*,#1530,.T.);
#2248=ORIENTED_EDGE('',*,*,#1570,.F.);
#2249=ORIENTED_EDGE('',*,*,#1536,.T.);
#2250=ORIENTED_EDGE('',*,*,#1540,.T.);
#2251=ORIENTED_EDGE('',*,*,#1543,.F.);
#2252=ORIENTED_EDGE('',*,*,#1546,.F.);
#2253=ORIENTED_EDGE('',*,*,#1549,.T.);
#2254=ORIENTED_EDGE('',*,*,#1552,.T.);
#2255=ORIENTED_EDGE('',*,*,#1555,.T.);
#2256=ORIENTED_EDGE('',*,*,#1558,.F.);
#2257=ORIENTED_EDGE('',*,*,#1561,.F.);
#2258=ORIENTED_EDGE('',*,*,#1564,.F.);
#2259=ORIENTED_EDGE('',*,*,#1567,.T.);
#2260=ORIENTED_EDGE('',*,*,#1535,.F.);
#2261=ORIENTED_EDGE('',*,*,#1532,.F.);
#2262=CYLINDRICAL_SURFACE('',#2443,7.);
#2263=CYLINDRICAL_SURFACE('',#2446,3.);
#2264=CYLINDRICAL_SURFACE('',#2450,3.);
#2265=CYLINDRICAL_SURFACE('',#2454,4.5);
#2266=CYLINDRICAL_SURFACE('',#2470,3.);
#2267=CYLINDRICAL_SURFACE('',#2473,3.);
#2268=CYLINDRICAL_SURFACE('',#2481,3.);
#2269=CYLINDRICAL_SURFACE('',#2484,3.);
#2270=CYLINDRICAL_SURFACE('',#2490,4.);
#2271=CYLINDRICAL_SURFACE('',#2501,4.);
#2272=CYLINDRICAL_SURFACE('',#2503,4.);
#2273=CYLINDRICAL_SURFACE('',#2509,7.5);
#2274=CYLINDRICAL_SURFACE('',#2518,7.5);
#2275=CYLINDRICAL_SURFACE('',#2526,4.);
#2276=CYLINDRICAL_SURFACE('',#2565,2.);
#2277=CYLINDRICAL_SURFACE('',#2567,5.);
#2278=CYLINDRICAL_SURFACE('',#2569,2.);
#2279=CYLINDRICAL_SURFACE('',#2571,5.);
#2280=CYLINDRICAL_SURFACE('',#2573,2.);
#2281=CYLINDRICAL_SURFACE('',#2576,5.);
#2282=CYLINDRICAL_SURFACE('',#2580,2.);
#2283=CYLINDRICAL_SURFACE('',#2582,5.);
#2284=CYLINDRICAL_SURFACE('',#2584,2.);
#2285=CYLINDRICAL_SURFACE('',#2587,5.);
#2286=CYLINDRICAL_SURFACE('',#2591,2.);
#2287=CYLINDRICAL_SURFACE('',#2594,5.);
#2288=CYLINDRICAL_SURFACE('',#2603,1.55);
#2289=CYLINDRICAL_SURFACE('',#2606,1.55);
#2290=CYLINDRICAL_SURFACE('',#2612,2.55);
#2291=CYLINDRICAL_SURFACE('',#2620,2.55);
#2292=ADVANCED_FACE('',(#156),#2262,.T.);
#2293=ADVANCED_FACE('',(#157),#2263,.F.);
#2294=ADVANCED_FACE('',(#158),#68,.F.);
#2295=ADVANCED_FACE('',(#159),#2264,.F.);
#2296=ADVANCED_FACE('',(#160),#69,.F.);
#2297=ADVANCED_FACE('',(#161),#2265,.T.);
#2298=ADVANCED_FACE('',(#162),#70,.T.);
#2299=ADVANCED_FACE('',(#163),#71,.T.);
#2300=ADVANCED_FACE('',(#164),#72,.T.);
#2301=ADVANCED_FACE('',(#165),#73,.F.);
#2302=ADVANCED_FACE('',(#166),#74,.F.);
#2303=ADVANCED_FACE('',(#167),#75,.F.);
#2304=ADVANCED_FACE('',(#168),#2266,.F.);
#2305=ADVANCED_FACE('',(#169),#76,.F.);
#2306=ADVANCED_FACE('',(#170),#2267,.F.);
#2307=ADVANCED_FACE('',(#171),#77,.F.);
#2308=ADVANCED_FACE('',(#172),#78,.F.);
#2309=ADVANCED_FACE('',(#173),#79,.F.);
#2310=ADVANCED_FACE('',(#174),#80,.T.);
#2311=ADVANCED_FACE('',(#175),#2268,.F.);
#2312=ADVANCED_FACE('',(#176),#81,.F.);
#2313=ADVANCED_FACE('',(#177),#2269,.F.);
#2314=ADVANCED_FACE('',(#178),#82,.T.);
#2315=ADVANCED_FACE('',(#179),#83,.T.);
#2316=ADVANCED_FACE('',(#180),#84,.T.);
#2317=ADVANCED_FACE('',(#181),#85,.T.);
#2318=ADVANCED_FACE('',(#182),#2270,.T.);
#2319=ADVANCED_FACE('',(#183),#86,.T.);
#2320=ADVANCED_FACE('',(#184),#87,.T.);
#2321=ADVANCED_FACE('',(#185),#88,.T.);
#2322=ADVANCED_FACE('',(#186),#89,.T.);
#2323=ADVANCED_FACE('',(#187),#90,.T.);
#2324=ADVANCED_FACE('',(#188),#91,.T.);
#2325=ADVANCED_FACE('',(#189),#92,.T.);
#2326=ADVANCED_FACE('',(#190),#93,.T.);
#2327=ADVANCED_FACE('',(#191),#94,.F.);
#2328=ADVANCED_FACE('',(#192),#2271,.F.);
#2329=ADVANCED_FACE('',(#193),#2272,.F.);
#2330=ADVANCED_FACE('',(#194),#95,.T.);
#2331=ADVANCED_FACE('',(#195),#96,.T.);
#2332=ADVANCED_FACE('',(#196),#97,.T.);
#2333=ADVANCED_FACE('',(#197),#98,.T.);
#2334=ADVANCED_FACE('',(#198),#2273,.F.);
#2335=ADVANCED_FACE('',(#199),#99,.T.);
#2336=ADVANCED_FACE('',(#200),#100,.T.);
#2337=ADVANCED_FACE('',(#201),#101,.T.);
#2338=ADVANCED_FACE('',(#202),#2274,.F.);
#2339=ADVANCED_FACE('',(#203),#102,.T.);
#2340=ADVANCED_FACE('',(#204),#103,.F.);
#2341=ADVANCED_FACE('',(#205),#104,.T.);
#2342=ADVANCED_FACE('',(#206,#53),#105,.T.);
#2343=ADVANCED_FACE('',(#207),#2275,.T.);
#2344=ADVANCED_FACE('',(#208),#106,.T.);
#2345=ADVANCED_FACE('',(#209),#107,.T.);
#2346=ADVANCED_FACE('',(#210),#108,.T.);
#2347=ADVANCED_FACE('',(#211),#109,.F.);
#2348=ADVANCED_FACE('',(#212),#110,.T.);
#2349=ADVANCED_FACE('',(#213),#111,.T.);
#2350=ADVANCED_FACE('',(#214),#112,.T.);
#2351=ADVANCED_FACE('',(#215),#113,.T.);
#2352=ADVANCED_FACE('',(#216),#114,.F.);
#2353=ADVANCED_FACE('',(#217),#47,.F.);
#2354=ADVANCED_FACE('',(#218),#48,.F.);
#2355=ADVANCED_FACE('',(#219),#115,.T.);
#2356=ADVANCED_FACE('',(#220),#116,.T.);
#2357=ADVANCED_FACE('',(#221),#117,.F.);
#2358=ADVANCED_FACE('',(#222),#118,.F.);
#2359=ADVANCED_FACE('',(#223,#54),#119,.F.);
#2360=ADVANCED_FACE('',(#224),#120,.T.);
#2361=ADVANCED_FACE('',(#225),#49,.F.);
#2362=ADVANCED_FACE('',(#226),#50,.F.);
#2363=ADVANCED_FACE('',(#227),#121,.T.);
#2364=ADVANCED_FACE('',(#228),#122,.T.);
#2365=ADVANCED_FACE('',(#229),#123,.F.);
#2366=ADVANCED_FACE('',(#230,#55),#124,.F.);
#2367=ADVANCED_FACE('',(#231),#125,.T.);
#2368=ADVANCED_FACE('',(#232),#126,.F.);
#2369=ADVANCED_FACE('',(#233),#51,.F.);
#2370=ADVANCED_FACE('',(#234),#52,.F.);
#2371=ADVANCED_FACE('',(#235),#127,.T.);
#2372=ADVANCED_FACE('',(#236),#128,.T.);
#2373=ADVANCED_FACE('',(#237),#129,.F.);
#2374=ADVANCED_FACE('',(#238,#56),#130,.F.);
#2375=ADVANCED_FACE('',(#239),#131,.T.);
#2376=ADVANCED_FACE('',(#240),#2276,.F.);
#2377=ADVANCED_FACE('',(#241),#2277,.T.);
#2378=ADVANCED_FACE('',(#242),#132,.T.);
#2379=ADVANCED_FACE('',(#243),#2278,.F.);
#2380=ADVANCED_FACE('',(#244),#2279,.T.);
#2381=ADVANCED_FACE('',(#245),#133,.T.);
#2382=ADVANCED_FACE('',(#246),#2280,.F.);
#2383=ADVANCED_FACE('',(#247),#2281,.T.);
#2384=ADVANCED_FACE('',(#248,#57),#134,.F.);
#2385=ADVANCED_FACE('',(#249),#135,.T.);
#2386=ADVANCED_FACE('',(#250),#2282,.F.);
#2387=ADVANCED_FACE('',(#251),#2283,.T.);
#2388=ADVANCED_FACE('',(#252),#136,.T.);
#2389=ADVANCED_FACE('',(#253),#2284,.F.);
#2390=ADVANCED_FACE('',(#254),#2285,.T.);
#2391=ADVANCED_FACE('',(#255,#58),#137,.F.);
#2392=ADVANCED_FACE('',(#256),#138,.T.);
#2393=ADVANCED_FACE('',(#257),#2286,.F.);
#2394=ADVANCED_FACE('',(#258),#2287,.T.);
#2395=ADVANCED_FACE('',(#259,#59),#139,.F.);
#2396=ADVANCED_FACE('',(#260),#140,.T.);
#2397=ADVANCED_FACE('',(#261),#141,.T.);
#2398=ADVANCED_FACE('',(#262),#142,.T.);
#2399=ADVANCED_FACE('',(#263),#143,.T.);
#2400=ADVANCED_FACE('',(#264),#2288,.F.);
#2401=ADVANCED_FACE('',(#265),#2289,.F.);
#2402=ADVANCED_FACE('',(#266),#144,.T.);
#2403=ADVANCED_FACE('',(#267),#145,.T.);
#2404=ADVANCED_FACE('',(#268),#146,.T.);
#2405=ADVANCED_FACE('',(#269),#2290,.T.);
#2406=ADVANCED_FACE('',(#270),#147,.T.);
#2407=ADVANCED_FACE('',(#271),#148,.T.);
#2408=ADVANCED_FACE('',(#272),#149,.T.);
#2409=ADVANCED_FACE('',(#273),#150,.T.);
#2410=ADVANCED_FACE('',(#274),#151,.T.);
#2411=ADVANCED_FACE('',(#275),#2291,.T.);
#2412=ADVANCED_FACE('',(#276),#152,.T.);
#2413=ADVANCED_FACE('',(#277),#153,.T.);
#2414=ADVANCED_FACE('',(#278,#60,#61),#154,.T.);
#2415=ADVANCED_FACE('',(#279,#62,#63),#155,.F.);
#2416=CLOSED_SHELL('',(#2292,#2293,#2294,#2295,#2296,#2297,#2298,#2299,
#2300,#2301,#2302,#2303,#2304,#2305,#2306,#2307,#2308,#2309,#2310,#2311,
#2312,#2313,#2314,#2315,#2316,#2317,#2318,#2319,#2320,#2321,#2322,#2323,
#2324,#2325,#2326,#2327,#2328,#2329,#2330,#2331,#2332,#2333,#2334,#2335,
#2336,#2337,#2338,#2339,#2340,#2341,#2342,#2343,#2344,#2345,#2346,#2347,
#2348,#2349,#2350,#2351,#2352,#2353,#2354,#2355,#2356,#2357,#2358,#2359,
#2360,#2361,#2362,#2363,#2364,#2365,#2366,#2367,#2368,#2369,#2370,#2371,
#2372,#2373,#2374,#2375,#2376,#2377,#2378,#2379,#2380,#2381,#2382,#2383,
#2384,#2385,#2386,#2387,#2388,#2389,#2390,#2391,#2392,#2393,#2394,#2395,
#2396,#2397,#2398,#2399));
#2417=CLOSED_SHELL('',(#2400,#2401,#2402,#2403,#2404,#2405,#2406,#2407,
#2408,#2409,#2410,#2411,#2412,#2413,#2414,#2415));
#2418=DERIVED_UNIT_ELEMENT(#2422,1.);
#2419=DERIVED_UNIT_ELEMENT(#4646,-3.);
#2420=DERIVED_UNIT_ELEMENT(#2422,1.);
#2421=DERIVED_UNIT_ELEMENT(#4646,-3.);
#2422=(
MASS_UNIT()
NAMED_UNIT(*)
SI_UNIT(.KILO.,.GRAM.)
);
#2423=DERIVED_UNIT((#2418,#2419));
#2424=DERIVED_UNIT((#2420,#2421));
#2425=MEASURE_REPRESENTATION_ITEM('density measure',
POSITIVE_RATIO_MEASURE(7850.),#2423);
#2426=MEASURE_REPRESENTATION_ITEM('density measure',
POSITIVE_RATIO_MEASURE(7850.),#2424);
#2427=PROPERTY_DEFINITION_REPRESENTATION(#2437,#2431);
#2428=PROPERTY_DEFINITION_REPRESENTATION(#2438,#2432);
#2429=PROPERTY_DEFINITION_REPRESENTATION(#2439,#2433);
#2430=PROPERTY_DEFINITION_REPRESENTATION(#2440,#2434);
#2431=REPRESENTATION('material name',(#2435),#4641);
#2432=REPRESENTATION('density',(#2425),#4641);
#2433=REPRESENTATION('material name',(#2436),#4643);
#2434=REPRESENTATION('density',(#2426),#4643);
#2435=DESCRIPTIVE_REPRESENTATION_ITEM('Stahl','Stahl');
#2436=DESCRIPTIVE_REPRESENTATION_ITEM('Stahl','Stahl');
#2437=PROPERTY_DEFINITION('material property','material name',#4668);
#2438=PROPERTY_DEFINITION('material property','density of part',#4668);
#2439=PROPERTY_DEFINITION('material property','material name',#4670);
#2440=PROPERTY_DEFINITION('material property','density of part',#4670);
#2441=AXIS2_PLACEMENT_3D('',#3265,#2632,#2633);
#2442=AXIS2_PLACEMENT_3D('',#3266,#2634,#2635);
#2443=AXIS2_PLACEMENT_3D('',#3267,#2636,#2637);
#2444=AXIS2_PLACEMENT_3D('',#3281,#2639,#2640);
#2445=AXIS2_PLACEMENT_3D('',#3285,#2642,#2643);
#2446=AXIS2_PLACEMENT_3D('',#3298,#2646,#2647);
#2447=AXIS2_PLACEMENT_3D('',#3302,#2649,#2650);
#2448=AXIS2_PLACEMENT_3D('',#3305,#2652,#2653);
#2449=AXIS2_PLACEMENT_3D('',#3306,#2654,#2655);
#2450=AXIS2_PLACEMENT_3D('',#3310,#2658,#2659);
#2451=AXIS2_PLACEMENT_3D('',#3312,#2660,#2661);
#2452=AXIS2_PLACEMENT_3D('',#3315,#2663,#2664);
#2453=AXIS2_PLACEMENT_3D('',#3316,#2665,#2666);
#2454=AXIS2_PLACEMENT_3D('',#3318,#2668,#2669);
#2455=AXIS2_PLACEMENT_3D('',#3321,#2670,#2671);
#2456=AXIS2_PLACEMENT_3D('',#3325,#2673,#2674);
#2457=AXIS2_PLACEMENT_3D('',#3327,#2676,#2677);
#2458=AXIS2_PLACEMENT_3D('',#3343,#2686,#2687);
#2459=AXIS2_PLACEMENT_3D('',#3351,#2691,#2692);
#2460=AXIS2_PLACEMENT_3D('',#3355,#2694,#2695);
#2461=AXIS2_PLACEMENT_3D('',#3359,#2698,#2699);
#2462=AXIS2_PLACEMENT_3D('',#3365,#2702,#2703);
#2463=AXIS2_PLACEMENT_3D('',#3366,#2704,#2705);
#2464=AXIS2_PLACEMENT_3D('',#3373,#2708,#2709);
#2465=AXIS2_PLACEMENT_3D('',#3377,#2711,#2712);
#2466=AXIS2_PLACEMENT_3D('',#3379,#2714,#2715);
#2467=AXIS2_PLACEMENT_3D('',#3381,#2717,#2718);
#2468=AXIS2_PLACEMENT_3D('',#3393,#2724,#2725);
#2469=AXIS2_PLACEMENT_3D('',#3398,#2728,#2729);
#2470=AXIS2_PLACEMENT_3D('',#3407,#2735,#2736);
#2471=AXIS2_PLACEMENT_3D('',#3410,#2738,#2739);
#2472=AXIS2_PLACEMENT_3D('',#3411,#2740,#2741);
#2473=AXIS2_PLACEMENT_3D('',#3415,#2744,#2745);
#2474=AXIS2_PLACEMENT_3D('',#3418,#2747,#2748);
#2475=AXIS2_PLACEMENT_3D('',#3419,#2749,#2750);
#2476=AXIS2_PLACEMENT_3D('',#3425,#2754,#2755);
#2477=AXIS2_PLACEMENT_3D('',#3431,#2759,#2760);
#2478=AXIS2_PLACEMENT_3D('',#3446,#2768,#2769);
#2479=AXIS2_PLACEMENT_3D('',#3451,#2772,#2773);
#2480=AXIS2_PLACEMENT_3D('',#3455,#2776,#2777);
#2481=AXIS2_PLACEMENT_3D('',#3457,#2779,#2780);
#2482=AXIS2_PLACEMENT_3D('',#3459,#2781,#2782);
#2483=AXIS2_PLACEMENT_3D('',#3461,#2784,#2785);
#2484=AXIS2_PLACEMENT_3D('',#3465,#2788,#2789);
#2485=AXIS2_PLACEMENT_3D('',#3466,#2790,#2791);
#2486=AXIS2_PLACEMENT_3D('',#3467,#2792,#2793);
#2487=AXIS2_PLACEMENT_3D('',#3469,#2795,#2796);
#2488=AXIS2_PLACEMENT_3D('',#3473,#2799,#2800);
#2489=AXIS2_PLACEMENT_3D('',#3479,#2804,#2805);
#2490=AXIS2_PLACEMENT_3D('',#3485,#2809,#2810);
#2491=AXIS2_PLACEMENT_3D('',#3489,#2812,#2813);
#2492=AXIS2_PLACEMENT_3D('',#3491,#2815,#2816);
#2493=AXIS2_PLACEMENT_3D('',#3495,#2819,#2820);
#2494=AXIS2_PLACEMENT_3D('',#3501,#2824,#2825);
#2495=AXIS2_PLACEMENT_3D('',#3505,#2828,#2829);
#2496=AXIS2_PLACEMENT_3D('',#3509,#2832,#2833);
#2497=AXIS2_PLACEMENT_3D('',#3512,#2836,#2837);
#2498=AXIS2_PLACEMENT_3D('',#3516,#2840,#2841);
#2499=AXIS2_PLACEMENT_3D('',#3518,#2843,#2844);
#2500=AXIS2_PLACEMENT_3D('',#3521,#2847,#2848);
#2501=AXIS2_PLACEMENT_3D('',#3539,#2858,#2859);
#2502=AXIS2_PLACEMENT_3D('',#3541,#2860,#2861);
#2503=AXIS2_PLACEMENT_3D('',#3543,#2863,#2864);
#2504=AXIS2_PLACEMENT_3D('',#3546,#2866,#2867);
#2505=AXIS2_PLACEMENT_3D('',#3547,#2868,#2869);
#2506=AXIS2_PLACEMENT_3D('',#3560,#2874,#2875);
#2507=AXIS2_PLACEMENT_3D('',#3573,#2880,#2881);
#2508=AXIS2_PLACEMENT_3D('',#3590,#2882,#2883);
#2509=AXIS2_PLACEMENT_3D('',#3607,#2884,#2885);
#2510=AXIS2_PLACEMENT_3D('',#3610,#2886,#2887);
#2511=AXIS2_PLACEMENT_3D('',#3614,#2889,#2890);
#2512=AXIS2_PLACEMENT_3D('',#3615,#2891,#2892);
#2513=AXIS2_PLACEMENT_3D('',#3616,#2893,#2894);
#2514=AXIS2_PLACEMENT_3D('',#3617,#2895,#2896);
#2515=AXIS2_PLACEMENT_3D('',#3694,#2903,#2904);
#2516=AXIS2_PLACEMENT_3D('',#3767,#2909,#2910);
#2517=AXIS2_PLACEMENT_3D('',#3771,#2913,#2914);
#2518=AXIS2_PLACEMENT_3D('',#3772,#2915,#2916);
#2519=AXIS2_PLACEMENT_3D('',#3775,#2917,#2918);
#2520=AXIS2_PLACEMENT_3D('',#3778,#2920,#2921);
#2521=AXIS2_PLACEMENT_3D('',#3781,#2923,#2924);
#2522=AXIS2_PLACEMENT_3D('',#3782,#2925,#2926);
#2523=AXIS2_PLACEMENT_3D('',#3859,#2933,#2934);
#2524=AXIS2_PLACEMENT_3D('',#3866,#2939,#2940);
#2525=AXIS2_PLACEMENT_3D('',#3868,#2942,#2943);
#2526=AXIS2_PLACEMENT_3D('',#3870,#2945,#2946);
#2527=AXIS2_PLACEMENT_3D('',#3871,#2947,#2948);
#2528=AXIS2_PLACEMENT_3D('',#3877,#2953,#2954);
#2529=AXIS2_PLACEMENT_3D('',#3879,#2956,#2957);
#2530=AXIS2_PLACEMENT_3D('',#3880,#2958,#2959);
#2531=AXIS2_PLACEMENT_3D('',#3884,#2962,#2963);
#2532=AXIS2_PLACEMENT_3D('',#3955,#2967,#2968);
#2533=AXIS2_PLACEMENT_3D('',#3957,#2970,#2971);
#2534=AXIS2_PLACEMENT_3D('',#3974,#2973,#2974);
#2535=AXIS2_PLACEMENT_3D('',#4029,#2976,#2977);
#2536=AXIS2_PLACEMENT_3D('',#4159,#2987,#2988);
#2537=AXIS2_PLACEMENT_3D('',#4165,#2992,#2993);
#2538=AXIS2_PLACEMENT_3D('',#4171,#2997,#2998);
#2539=AXIS2_PLACEMENT_3D('',#4175,#3001,#3002);
#2540=AXIS2_PLACEMENT_3D('',#4181,#3006,#3007);
#2541=AXIS2_PLACEMENT_3D('',#4182,#3008,#3009);
#2542=AXIS2_PLACEMENT_3D('',#4184,#3010,#3011);
#2543=AXIS2_PLACEMENT_3D('',#4185,#3012,#3013);
#2544=AXIS2_PLACEMENT_3D('',#4186,#3014,#3015);
#2545=AXIS2_PLACEMENT_3D('',#4192,#3019,#3020);
#2546=AXIS2_PLACEMENT_3D('',#4307,#3022,#3023);
#2547=AXIS2_PLACEMENT_3D('',#4313,#3027,#3028);
#2548=AXIS2_PLACEMENT_3D('',#4319,#3032,#3033);
#2549=AXIS2_PLACEMENT_3D('',#4325,#3037,#3038);
#2550=AXIS2_PLACEMENT_3D('',#4326,#3039,#3040);
#2551=AXIS2_PLACEMENT_3D('',#4328,#3041,#3042);
#2552=AXIS2_PLACEMENT_3D('',#4329,#3043,#3044);
#2553=AXIS2_PLACEMENT_3D('',#4330,#3045,#3046);
#2554=AXIS2_PLACEMENT_3D('',#4334,#3049,#3050);
#2555=AXIS2_PLACEMENT_3D('',#4335,#3051,#3052);
#2556=AXIS2_PLACEMENT_3D('',#4463,#3061,#3062);
#2557=AXIS2_PLACEMENT_3D('',#4469,#3066,#3067);
#2558=AXIS2_PLACEMENT_3D('',#4475,#3071,#3072);
#2559=AXIS2_PLACEMENT_3D('',#4479,#3075,#3076);
#2560=AXIS2_PLACEMENT_3D('',#4480,#3077,#3078);
#2561=AXIS2_PLACEMENT_3D('',#4482,#3079,#3080);
#2562=AXIS2_PLACEMENT_3D('',#4483,#3081,#3082);
#2563=AXIS2_PLACEMENT_3D('',#4484,#3083,#3084);
#2564=AXIS2_PLACEMENT_3D('',#4488,#3087,#3088);
#2565=AXIS2_PLACEMENT_3D('',#4489,#3089,#3090);
#2566=AXIS2_PLACEMENT_3D('',#4492,#3092,#3093);
#2567=AXIS2_PLACEMENT_3D('',#4493,#3094,#3095);
#2568=AXIS2_PLACEMENT_3D('',#4494,#3096,#3097);
#2569=AXIS2_PLACEMENT_3D('',#4495,#3098,#3099);
#2570=AXIS2_PLACEMENT_3D('',#4498,#3101,#3102);
#2571=AXIS2_PLACEMENT_3D('',#4499,#3103,#3104);
#2572=AXIS2_PLACEMENT_3D('',#4500,#3105,#3106);
#2573=AXIS2_PLACEMENT_3D('',#4501,#3107,#3108);
#2574=AXIS2_PLACEMENT_3D('',#4503,#3109,#3110);
#2575=AXIS2_PLACEMENT_3D('',#4506,#3112,#3113);
#2576=AXIS2_PLACEMENT_3D('',#4507,#3114,#3115);
#2577=AXIS2_PLACEMENT_3D('',#4508,#3116,#3117);
#2578=AXIS2_PLACEMENT_3D('',#4509,#3118,#3119);
#2579=AXIS2_PLACEMENT_3D('',#4510,#3120,#3121);
#2580=AXIS2_PLACEMENT_3D('',#4511,#3122,#3123);
#2581=AXIS2_PLACEMENT_3D('',#4514,#3125,#3126);
#2582=AXIS2_PLACEMENT_3D('',#4515,#3127,#3128);
#2583=AXIS2_PLACEMENT_3D('',#4516,#3129,#3130);
#2584=AXIS2_PLACEMENT_3D('',#4517,#3131,#3132);
#2585=AXIS2_PLACEMENT_3D('',#4519,#3133,#3134);
#2586=AXIS2_PLACEMENT_3D('',#4522,#3136,#3137);
#2587=AXIS2_PLACEMENT_3D('',#4523,#3138,#3139);
#2588=AXIS2_PLACEMENT_3D('',#4524,#3140,#3141);
#2589=AXIS2_PLACEMENT_3D('',#4525,#3142,#3143);
#2590=AXIS2_PLACEMENT_3D('',#4526,#3144,#3145);
#2591=AXIS2_PLACEMENT_3D('',#4527,#3146,#3147);
#2592=AXIS2_PLACEMENT_3D('',#4529,#3148,#3149);
#2593=AXIS2_PLACEMENT_3D('',#4532,#3151,#3152);
#2594=AXIS2_PLACEMENT_3D('',#4533,#3153,#3154);
#2595=AXIS2_PLACEMENT_3D('',#4534,#3155,#3156);
#2596=AXIS2_PLACEMENT_3D('',#4535,#3157,#3158);
#2597=AXIS2_PLACEMENT_3D('',#4536,#3159,#3160);
#2598=AXIS2_PLACEMENT_3D('',#4537,#3161,#3162);
#2599=AXIS2_PLACEMENT_3D('',#4539,#3164,#3165);
#2600=AXIS2_PLACEMENT_3D('',#4541,#3167,#3168);
#2601=AXIS2_PLACEMENT_3D('',#4542,#3169,#3170);
#2602=AXIS2_PLACEMENT_3D('',#4543,#3171,#3172);
#2603=AXIS2_PLACEMENT_3D('',#4544,#3173,#3174);
#2604=AXIS2_PLACEMENT_3D('',#4546,#3175,#3176);
#2605=AXIS2_PLACEMENT_3D('',#4549,#3178,#3179);
#2606=AXIS2_PLACEMENT_3D('',#4550,#3180,#3181);
#2607=AXIS2_PLACEMENT_3D('',#4552,#3182,#3183);
#2608=AXIS2_PLACEMENT_3D('',#4555,#3185,#3186);
#2609=AXIS2_PLACEMENT_3D('',#4556,#3187,#3188);
#2610=AXIS2_PLACEMENT_3D('',#4565,#3193,#3194);
#2611=AXIS2_PLACEMENT_3D('',#4571,#3198,#3199);
#2612=AXIS2_PLACEMENT_3D('',#4577,#3203,#3204);
#2613=AXIS2_PLACEMENT_3D('',#4579,#3205,#3206);
#2614=AXIS2_PLACEMENT_3D('',#4581,#3207,#3208);
#2615=AXIS2_PLACEMENT_3D('',#4583,#3210,#3211);
#2616=AXIS2_PLACEMENT_3D('',#4589,#3215,#3216);
#2617=AXIS2_PLACEMENT_3D('',#4595,#3220,#3221);
#2618=AXIS2_PLACEMENT_3D('',#4601,#3225,#3226);
#2619=AXIS2_PLACEMENT_3D('',#4607,#3230,#3231);
#2620=AXIS2_PLACEMENT_3D('',#4613,#3235,#3236);
#2621=AXIS2_PLACEMENT_3D('',#4615,#3237,#3238);
#2622=AXIS2_PLACEMENT_3D('',#4617,#3239,#3240);
#2623=AXIS2_PLACEMENT_3D('',#4619,#3242,#3243);
#2624=AXIS2_PLACEMENT_3D('',#4625,#3247,#3248);
#2625=AXIS2_PLACEMENT_3D('',#4628,#3251,#3252);
#2626=AXIS2_PLACEMENT_3D('',#4629,#3253,#3254);
#2627=AXIS2_PLACEMENT_3D('',#4630,#3255,#3256);
#2628=AXIS2_PLACEMENT_3D('',#4631,#3257,#3258);
#2629=AXIS2_PLACEMENT_3D('',#4632,#3259,#3260);
#2630=AXIS2_PLACEMENT_3D('',#4633,#3261,#3262);
#2631=AXIS2_PLACEMENT_3D('',#4634,#3263,#3264);
#2632=DIRECTION('axis',(0.,0.,1.));
#2633=DIRECTION('refdir',(1.,0.,0.));
#2634=DIRECTION('axis',(0.,0.,1.));
#2635=DIRECTION('refdir',(1.,0.,0.));
#2636=DIRECTION('center_axis',(-1.,1.90647660875769E-16,4.37339943770384E-32));
#2637=DIRECTION('ref_axis',(1.99915070848436E-16,0.608761429008721,0.793353340291235));
#2638=DIRECTION('',(-1.,1.90647660875769E-16,4.08043722582597E-32));
#2639=DIRECTION('center_axis',(-1.,0.,0.));
#2640=DIRECTION('ref_axis',(1.99915070848436E-16,0.608761429008721,0.793353340291235));
#2641=DIRECTION('',(1.,-1.90647660875769E-16,-4.37339943770384E-32));
#2642=DIRECTION('center_axis',(1.,-7.18367157710788E-17,2.68098273106551E-16));
#2643=DIRECTION('ref_axis',(1.99915070848436E-16,0.608761429008721,0.793353340291235));
#2644=DIRECTION('',(-1.,1.90647660875769E-16,4.08043722582597E-32));
#2645=DIRECTION('',(-1.,1.90647660875769E-16,4.37339943770384E-32));
#2646=DIRECTION('center_axis',(0.,0.965925826289068,0.258819045102521));
#2647=DIRECTION('ref_axis',(1.,0.,0.));
#2648=DIRECTION('',(0.,0.965925826289068,0.258819045102521));
#2649=DIRECTION('center_axis',(0.,0.965925826289068,0.258819045102521));
#2650=DIRECTION('ref_axis',(1.,0.,0.));
#2651=DIRECTION('',(0.,0.965925826289068,0.258819045102521));
#2652=DIRECTION('center_axis',(1.84151499361506E-16,0.965925826289068,0.258819045102521));
#2653=DIRECTION('ref_axis',(1.,0.,0.));
#2654=DIRECTION('center_axis',(0.,-0.258819045102521,0.965925826289068));
#2655=DIRECTION('ref_axis',(1.,0.,0.));
#2656=DIRECTION('',(0.,0.965925826289068,0.258819045102521));
#2657=DIRECTION('',(1.,0.,0.));
#2658=DIRECTION('center_axis',(0.,0.965925826289068,0.258819045102521));
#2659=DIRECTION('ref_axis',(1.,0.,0.));
#2660=DIRECTION('center_axis',(1.84151499361506E-16,0.965925826289068,0.258819045102521));
#2661=DIRECTION('ref_axis',(1.,0.,0.));
#2662=DIRECTION('',(0.,0.965925826289068,0.258819045102521));
#2663=DIRECTION('center_axis',(0.,0.965925826289068,0.258819045102521));
#2664=DIRECTION('ref_axis',(1.,0.,0.));
#2665=DIRECTION('center_axis',(-1.84151499361506E-16,-0.965925826289068,
-0.258819045102521));
#2666=DIRECTION('ref_axis',(-1.,1.90647660875769E-16,-1.23259516440783E-32));
#2667=DIRECTION('',(-1.2335811384724E-16,-0.258819045102521,0.965925826289068));
#2668=DIRECTION('center_axis',(-1.,0.,0.));
#2669=DIRECTION('ref_axis',(0.,-0.793353340291235,0.608761429008721));
#2670=DIRECTION('center_axis',(1.,0.,0.));
#2671=DIRECTION('ref_axis',(0.,-0.793353340291235,0.608761429008721));
#2672=DIRECTION('',(1.,0.,0.));
#2673=DIRECTION('center_axis',(-1.,0.,0.));
#2674=DIRECTION('ref_axis',(0.,-0.793353340291235,0.608761429008721));
#2675=DIRECTION('',(-1.,0.,0.));
#2676=DIRECTION('center_axis',(1.,0.,0.));
#2677=DIRECTION('ref_axis',(0.,1.,0.));
#2678=DIRECTION('',(0.,-0.258819045102521,0.965925826289068));
#2679=DIRECTION('',(0.,1.,-4.39747908931564E-19));
#2680=DIRECTION('',(0.,-0.258819045102521,0.965925826289068));
#2681=DIRECTION('',(0.,0.965925826289068,0.258819045102521));
#2682=DIRECTION('',(0.,0.258819045102521,-0.965925826289068));
#2683=DIRECTION('',(0.,0.,-1.));
#2684=DIRECTION('',(0.,-0.965925826289068,-0.258819045102521));
#2685=DIRECTION('',(0.,-1.,0.));
#2686=DIRECTION('center_axis',(0.,-0.965925826289068,-0.258819045102521));
#2687=DIRECTION('ref_axis',(0.,0.258819045102521,-0.965925826289068));
#2688=DIRECTION('',(0.,0.258819045102521,-0.965925826289068));
#2689=DIRECTION('',(1.,0.,0.));
#2690=DIRECTION('',(0.,-0.258819045102521,0.965925826289068));
#2691=DIRECTION('center_axis',(0.,0.965925826289068,0.258819045102521));
#2692=DIRECTION('ref_axis',(1.,0.,0.));
#2693=DIRECTION('',(1.,0.,0.));
#2694=DIRECTION('center_axis',(0.,0.965925826289068,0.258819045102521));
#2695=DIRECTION('ref_axis',(1.,0.,0.));
#2696=DIRECTION('',(2.77555756156289E-16,0.258819045102521,-0.965925826289068));
#2697=DIRECTION('',(1.,0.,0.));
#2698=DIRECTION('center_axis',(0.,-0.258819045102521,0.965925826289068));
#2699=DIRECTION('ref_axis',(0.,-0.965925826289068,-0.258819045102521));
#2700=DIRECTION('',(0.,0.965925826289068,0.258819045102521));
#2701=DIRECTION('',(1.,0.,0.));
#2702=DIRECTION('center_axis',(0.,-0.258819045102521,0.965925826289068));
#2703=DIRECTION('ref_axis',(1.42985745656827E-16,0.965925826289068,0.258819045102521));
#2704=DIRECTION('center_axis',(1.84151499361506E-16,0.965925826289068,0.258819045102521));
#2705=DIRECTION('ref_axis',(1.,-1.84661267894846E-16,-2.23415227588792E-17));
#2706=DIRECTION('',(1.,-1.90647660875769E-16,-4.37339943770384E-32));
#2707=DIRECTION('',(-1.2335811384724E-16,-0.258819045102521,0.965925826289068));
#2708=DIRECTION('center_axis',(-1.84151499361506E-16,-0.965925826289068,
-0.258819045102521));
#2709=DIRECTION('ref_axis',(1.,0.,0.));
#2710=DIRECTION('',(-1.,1.77876689183133E-16,4.76619152189424E-17));
#2711=DIRECTION('center_axis',(-1.84151499361506E-16,-0.965925826289068,
-0.258819045102521));
#2712=DIRECTION('ref_axis',(1.,0.,0.));
#2713=DIRECTION('',(-1.2335811384724E-16,-0.258819045102521,0.965925826289068));
#2714=DIRECTION('center_axis',(-1.84151499361506E-16,-0.965925826289068,
-0.258819045102521));
#2715=DIRECTION('ref_axis',(-1.,1.90647660875769E-16,-1.23259516440783E-32));
#2716=DIRECTION('',(1.11022302462516E-16,0.258819045102521,-0.965925826289068));
#2717=DIRECTION('center_axis',(1.,-7.18367157710788E-17,2.68098273106551E-16));
#2718=DIRECTION('ref_axis',(2.77555756156289E-16,0.258819045102521,-0.965925826289068));
#2719=DIRECTION('',(0.,0.965925826289068,0.258819045102521));
#2720=DIRECTION('',(2.77555756156289E-16,0.258819045102521,-0.965925826289068));
#2721=DIRECTION('',(7.18367157710788E-17,1.,0.));
#2722=DIRECTION('',(-2.68098273106551E-16,6.66133814775094E-16,1.));
#2723=DIRECTION('',(7.1836715771079E-17,1.,-6.2124332780796E-16));
#2724=DIRECTION('center_axis',(-1.,7.18367157710788E-17,-2.68098273106551E-16));
#2725=DIRECTION('ref_axis',(0.,0.,1.));
#2726=DIRECTION('',(2.77552586673754E-16,0.263432204352208,-0.96467791190124));
#2727=DIRECTION('',(-2.77555756156289E-16,-0.258819045102518,0.965925826289069));
#2728=DIRECTION('center_axis',(1.,-7.18367157710788E-17,2.68098273106551E-16));
#2729=DIRECTION('ref_axis',(0.,0.,1.));
#2730=DIRECTION('',(-2.77552586673754E-16,-0.263432204352208,0.96467791190124));
#2731=DIRECTION('',(7.18367157710788E-17,1.,0.));
#2732=DIRECTION('',(2.77475885326545E-16,0.281915658430224,-0.959439191159009));
#2733=DIRECTION('',(2.77555756156289E-16,0.258819045102521,-0.965925826289068));
#2734=DIRECTION('',(-3.85343557562598E-16,-1.,-2.29396962837831E-16));
#2735=DIRECTION('center_axis',(0.,0.965925826289068,0.258819045102521));
#2736=DIRECTION('ref_axis',(1.,0.,0.));
#2737=DIRECTION('',(0.,0.965925826289068,0.258819045102521));
#2738=DIRECTION('center_axis',(0.,0.965925826289068,0.258819045102521));
#2739=DIRECTION('ref_axis',(1.,0.,0.));
#2740=DIRECTION('center_axis',(0.,-0.258819045102521,0.965925826289068));
#2741=DIRECTION('ref_axis',(1.,0.,0.));
#2742=DIRECTION('',(0.,0.965925826289068,0.258819045102521));
#2743=DIRECTION('',(1.,0.,0.));
#2744=DIRECTION('center_axis',(0.,0.965925826289068,0.258819045102521));
#2745=DIRECTION('ref_axis',(1.,0.,0.));
#2746=DIRECTION('',(0.,0.965925826289068,0.258819045102521));
#2747=DIRECTION('center_axis',(0.,0.965925826289068,0.258819045102521));
#2748=DIRECTION('ref_axis',(1.,0.,0.));
#2749=DIRECTION('center_axis',(1.,-7.18367157710788E-17,2.68098273106551E-16));
#2750=DIRECTION('ref_axis',(2.77555756156289E-16,0.258819045102521,-0.965925826289068));
#2751=DIRECTION('',(7.18367157710788E-17,1.,-4.39747908931564E-19));
#2752=DIRECTION('',(0.,0.965925826289068,0.258819045102521));
#2753=DIRECTION('',(-2.77555756156289E-16,-0.258819045102521,0.965925826289068));
#2754=DIRECTION('center_axis',(-1.,0.,0.));
#2755=DIRECTION('ref_axis',(0.,-0.258819045102521,0.965925826289068));
#2756=DIRECTION('',(0.,0.258819045102521,-0.965925826289068));
#2757=DIRECTION('',(0.,0.965925826289068,0.258819045102521));
#2758=DIRECTION('',(0.,-1.,4.39747908931564E-19));
#2759=DIRECTION('center_axis',(-1.,0.,0.));
#2760=DIRECTION('ref_axis',(0.,-0.258819045102521,0.965925826289068));
#2761=DIRECTION('',(0.,-1.,0.));
#2762=DIRECTION('',(0.,-0.258819045102521,0.965925826289068));
#2763=DIRECTION('',(2.06611375491565E-16,1.,2.29396962837831E-16));
#2764=DIRECTION('',(0.,-0.258819045102521,0.965925826289068));
#2765=DIRECTION('',(0.,-0.281915658430224,0.959439191159009));
#2766=DIRECTION('',(0.,-1.,0.));
#2767=DIRECTION('',(0.,0.263432204352208,-0.96467791190124));
#2768=DIRECTION('center_axis',(-1.,0.,0.));
#2769=DIRECTION('ref_axis',(0.,0.,1.));
#2770=DIRECTION('',(0.,0.258819045102518,-0.965925826289069));
#2771=DIRECTION('',(0.,-0.263432204352208,0.96467791190124));
#2772=DIRECTION('center_axis',(1.,0.,0.));
#2773=DIRECTION('ref_axis',(0.,0.,1.));
#2774=DIRECTION('',(0.,-1.,6.2124332780796E-16));
#2775=DIRECTION('',(0.,-6.66133814775094E-16,-1.));
#2776=DIRECTION('center_axis',(0.,-0.965925826289068,-0.258819045102521));
#2777=DIRECTION('ref_axis',(1.,0.,0.));
#2778=DIRECTION('',(-1.,0.,0.));
#2779=DIRECTION('center_axis',(0.,0.965925826289068,0.258819045102521));
#2780=DIRECTION('ref_axis',(1.,0.,0.));
#2781=DIRECTION('center_axis',(0.,-0.965925826289068,-0.258819045102521));
#2782=DIRECTION('ref_axis',(1.,0.,0.));
#2783=DIRECTION('',(0.,0.965925826289068,0.258819045102521));
#2784=DIRECTION('center_axis',(0.,-0.258819045102521,0.965925826289068));
#2785=DIRECTION('ref_axis',(1.,0.,0.));
#2786=DIRECTION('',(-1.,0.,0.));
#2787=DIRECTION('',(0.,0.965925826289068,0.258819045102521));
#2788=DIRECTION('center_axis',(0.,0.965925826289068,0.258819045102521));
#2789=DIRECTION('ref_axis',(1.,0.,0.));
#2790=DIRECTION('center_axis',(0.,-0.965925826289068,-0.258819045102521));
#2791=DIRECTION('ref_axis',(1.,0.,0.));
#2792=DIRECTION('center_axis',(0.,-4.39747908931564E-19,-1.));
#2793=DIRECTION('ref_axis',(0.,1.,-4.39747908931564E-19));
#2794=DIRECTION('',(1.,0.,0.));
#2795=DIRECTION('center_axis',(0.,-4.39747908931564E-19,-1.));
#2796=DIRECTION('ref_axis',(0.,1.,-4.39747908931564E-19));
#2797=DIRECTION('',(0.,1.,-4.39747908931564E-19));
#2798=DIRECTION('',(1.,0.,0.));
#2799=DIRECTION('center_axis',(0.,-0.959439191159009,-0.281915658430224));
#2800=DIRECTION('ref_axis',(0.,0.281915658430224,-0.959439191159009));
#2801=DIRECTION('',(1.,0.,0.));
#2802=DIRECTION('',(0.,0.281915658430224,-0.959439191159009));
#2803=DIRECTION('',(1.,0.,0.));
#2804=DIRECTION('center_axis',(0.,-0.959439191159009,-0.281915658430224));
#2805=DIRECTION('ref_axis',(0.,0.281915658430224,-0.959439191159009));
#2806=DIRECTION('',(1.,0.,0.));
#2807=DIRECTION('',(0.,0.281915658430224,-0.959439191159009));
#2808=DIRECTION('',(1.,0.,0.));
#2809=DIRECTION('center_axis',(1.,0.,0.));
#2810=DIRECTION('ref_axis',(0.,0.,1.));
#2811=DIRECTION('',(1.,0.,0.));
#2812=DIRECTION('center_axis',(1.,0.,0.));
#2813=DIRECTION('ref_axis',(0.,0.,1.));
#2814=DIRECTION('',(1.,0.,0.));
#2815=DIRECTION('center_axis',(0.,0.965925826289069,0.258819045102518));
#2816=DIRECTION('ref_axis',(0.,-0.258819045102518,0.965925826289069));
#2817=DIRECTION('',(0.,0.258819045102518,-0.965925826289069));
#2818=DIRECTION('',(1.,0.,0.));
#2819=DIRECTION('center_axis',(0.,0.965925826289069,0.258819045102518));
#2820=DIRECTION('ref_axis',(0.,-0.258819045102518,0.965925826289069));
#2821=DIRECTION('',(1.,0.,0.));
#2822=DIRECTION('',(0.,-0.258819045102518,0.965925826289069));
#2823=DIRECTION('',(1.,0.,0.));
#2824=DIRECTION('center_axis',(0.,0.,-1.));
#2825=DIRECTION('ref_axis',(0.,1.,0.));
#2826=DIRECTION('',(0.,1.,0.));
#2827=DIRECTION('',(1.,0.,0.));
#2828=DIRECTION('center_axis',(0.,0.,-1.));
#2829=DIRECTION('ref_axis',(0.,1.,0.));
#2830=DIRECTION('',(1.,0.,0.));
#2831=DIRECTION('',(0.,1.,0.));
#2832=DIRECTION('center_axis',(0.,-0.96467791190124,-0.263432204352208));
#2833=DIRECTION('ref_axis',(0.,0.263432204352208,-0.96467791190124));
#2834=DIRECTION('',(0.,0.263432204352208,-0.96467791190124));
#2835=DIRECTION('',(1.,0.,0.));
#2836=DIRECTION('center_axis',(0.,-0.96467791190124,-0.263432204352208));
#2837=DIRECTION('ref_axis',(0.,0.263432204352208,-0.96467791190124));
#2838=DIRECTION('',(1.,0.,0.));
#2839=DIRECTION('',(0.,0.263432204352208,-0.96467791190124));
#2840=DIRECTION('center_axis',(0.,0.96467791190124,0.263432204352208));
#2841=DIRECTION('ref_axis',(0.,-0.263432204352208,0.96467791190124));
#2842=DIRECTION('',(0.,0.263432204352208,-0.96467791190124));
#2843=DIRECTION('center_axis',(0.,0.96467791190124,0.263432204352208));
#2844=DIRECTION('ref_axis',(0.,-0.263432204352208,0.96467791190124));
#2845=DIRECTION('',(1.,0.,0.));
#2846=DIRECTION('',(0.,-0.263432204352208,0.96467791190124));
#2847=DIRECTION('center_axis',(0.,0.,1.));
#2848=DIRECTION('ref_axis',(1.,0.,0.));
#2849=DIRECTION('',(-1.,0.,0.));
#2850=DIRECTION('',(0.,1.,0.));
#2851=DIRECTION('',(-1.,0.,0.));
#2852=DIRECTION('',(0.,1.,0.));
#2853=DIRECTION('',(-1.,0.,0.));
#2854=DIRECTION('',(0.,-1.,0.));
#2855=DIRECTION('',(-1.,0.,0.));
#2856=DIRECTION('',(0.,1.,0.));
#2857=DIRECTION('',(-1.,0.,0.));
#2858=DIRECTION('center_axis',(1.,0.,0.));
#2859=DIRECTION('ref_axis',(0.,0.,1.));
#2860=DIRECTION('center_axis',(1.,0.,0.));
#2861=DIRECTION('ref_axis',(0.,0.,1.));
#2862=DIRECTION('',(1.,0.,0.));
#2863=DIRECTION('center_axis',(1.,0.,0.));
#2864=DIRECTION('ref_axis',(0.,0.,1.));
#2865=DIRECTION('',(1.,0.,0.));
#2866=DIRECTION('center_axis',(-1.,0.,0.));
#2867=DIRECTION('ref_axis',(0.,0.,1.));
#2868=DIRECTION('center_axis',(0.,-6.2124332780796E-16,-1.));
#2869=DIRECTION('ref_axis',(0.,1.,-6.2124332780796E-16));
#2870=DIRECTION('',(0.,-1.,6.2124332780796E-16));
#2871=DIRECTION('',(-0.965925826289068,-0.258819045102521,1.60789604879569E-16));
#2872=DIRECTION('',(-1.,0.,0.));
#2873=DIRECTION('',(1.,0.,0.));
#2874=DIRECTION('center_axis',(0.,-6.2124332780796E-16,-1.));
#2875=DIRECTION('ref_axis',(0.,1.,-6.2124332780796E-16));
#2876=DIRECTION('',(1.,0.,0.));
#2877=DIRECTION('',(-1.,0.,0.));
#2878=DIRECTION('',(-0.965925826289068,0.258819045102521,-1.60789604879569E-16));
#2879=DIRECTION('',(0.,1.,-6.2124332780796E-16));
#2880=DIRECTION('center_axis',(0.,1.,-6.66133814775094E-16));
#2881=DIRECTION('ref_axis',(0.,6.66133814775094E-16,1.));
#2882=DIRECTION('center_axis',(0.,1.,-6.66133814775094E-16));
#2883=DIRECTION('ref_axis',(0.,6.66133814775094E-16,1.));
#2884=DIRECTION('center_axis',(0.,0.,-1.));
#2885=DIRECTION('ref_axis',(-0.608761429008721,0.793353340291235,0.));
#2886=DIRECTION('center_axis',(0.,0.,-1.));
#2887=DIRECTION('ref_axis',(-0.608761429008721,0.793353340291235,0.));
#2888=DIRECTION('',(0.,0.,1.));
#2889=DIRECTION('center_axis',(0.,-2.29396962837831E-16,1.));
#2890=DIRECTION('ref_axis',(-0.608761429008721,0.793353340291235,0.));
#2891=DIRECTION('center_axis',(0.,-0.258819045102521,0.965925826289068));
#2892=DIRECTION('ref_axis',(-5.00450109798895E-16,0.965925826289068,0.258819045102521));
#2893=DIRECTION('center_axis',(0.,-0.965925826289068,-0.258819045102521));
#2894=DIRECTION('ref_axis',(0.,0.258819045102521,-0.965925826289068));
#2895=DIRECTION('center_axis',(-0.258819045102521,-0.965925826289068,0.));
#2896=DIRECTION('ref_axis',(0.965925826289068,-0.258819045102521,0.));
#2897=DIRECTION('',(0.965925826289068,-0.258819045102521,0.));
#2898=DIRECTION('',(0.965925826289068,-0.258819045102521,0.));
#2899=DIRECTION('',(0.,0.,1.));
#2900=DIRECTION('',(0.965925826289068,-0.258819045102521,0.));
#2901=DIRECTION('',(0.,0.,1.));
#2902=DIRECTION('',(0.965925826289068,-0.258819045102521,-5.9372302871106E-17));
#2903=DIRECTION('center_axis',(-0.258819045102521,-0.965925826289068,0.));
#2904=DIRECTION('ref_axis',(0.965925826289068,-0.258819045102521,0.));
#2905=DIRECTION('',(-0.965925826289068,0.258819045102521,0.));
#2906=DIRECTION('',(0.,0.,-1.));
#2907=DIRECTION('',(0.,0.,1.));
#2908=DIRECTION('',(0.965925826289068,-0.258819045102521,0.));
#2909=DIRECTION('center_axis',(1.,0.,0.));
#2910=DIRECTION('ref_axis',(0.,1.,0.));
#2911=DIRECTION('',(0.,-1.,0.));
#2912=DIRECTION('',(0.,0.258819045102521,-0.965925826289068));
#2913=DIRECTION('center_axis',(1.,0.,0.));
#2914=DIRECTION('ref_axis',(0.,0.,1.));
#2915=DIRECTION('center_axis',(0.,0.,1.));
#2916=DIRECTION('ref_axis',(0.60876142900872,0.793353340291235,0.));
#2917=DIRECTION('center_axis',(0.,-0.965925826289068,-0.258819045102521));
#2918=DIRECTION('ref_axis',(0.,0.258819045102521,-0.965925826289068));
#2919=DIRECTION('',(0.,0.,1.));
#2920=DIRECTION('center_axis',(0.,-2.29396962837831E-16,1.));
#2921=DIRECTION('ref_axis',(0.60876142900872,0.793353340291235,0.));
#2922=DIRECTION('',(0.,0.,-1.));
#2923=DIRECTION('center_axis',(0.,0.,-1.));
#2924=DIRECTION('ref_axis',(0.60876142900872,0.793353340291235,0.));
#2925=DIRECTION('center_axis',(0.258819045102521,-0.965925826289068,0.));
#2926=DIRECTION('ref_axis',(0.965925826289068,0.258819045102521,0.));
#2927=DIRECTION('',(0.965925826289068,0.258819045102521,5.9372302871106E-17));
#2928=DIRECTION('',(0.,0.,1.));
#2929=DIRECTION('',(0.965925826289068,0.258819045102521,0.));
#2930=DIRECTION('',(0.,0.,1.));
#2931=DIRECTION('',(-0.965925826289068,-0.258819045102521,0.));
#2932=DIRECTION('',(0.965925826289068,0.258819045102521,0.));
#2933=DIRECTION('center_axis',(1.,0.,0.));
#2934=DIRECTION('ref_axis',(0.,1.,0.));
#2935=DIRECTION('',(0.,-1.,0.));
#2936=DIRECTION('',(0.,-0.258819045102521,0.965925826289068));
#2937=DIRECTION('',(0.,0.965925826289068,0.258819045102521));
#2938=DIRECTION('',(0.,-0.258819045102521,0.965925826289068));
#2939=DIRECTION('center_axis',(0.,-0.258819045102521,0.965925826289068));
#2940=DIRECTION('ref_axis',(0.,-0.965925826289068,-0.258819045102521));
#2941=DIRECTION('',(1.,0.,0.));
#2942=DIRECTION('center_axis',(0.,-2.29396962837831E-16,1.));
#2943=DIRECTION('ref_axis',(0.,-1.,-2.29396962837831E-16));
#2944=DIRECTION('',(1.,0.,0.));
#2945=DIRECTION('center_axis',(1.,0.,0.));
#2946=DIRECTION('ref_axis',(0.,0.,1.));
#2947=DIRECTION('center_axis',(0.,-0.965925826289068,-0.258819045102521));
#2948=DIRECTION('ref_axis',(0.,0.258819045102521,-0.965925826289068));
#2949=DIRECTION('',(-1.,0.,0.));
#2950=DIRECTION('',(1.,0.,0.));
#2951=DIRECTION('',(-1.,0.,0.));
#2952=DIRECTION('',(0.,-0.258819045102521,0.965925826289068));
#2953=DIRECTION('center_axis',(0.,0.258819045102521,-0.965925826289068));
#2954=DIRECTION('ref_axis',(0.,0.965925826289068,0.258819045102521));
#2955=DIRECTION('',(1.,0.,0.));
#2956=DIRECTION('center_axis',(0.,0.965925826289068,0.258819045102521));
#2957=DIRECTION('ref_axis',(0.,-0.258819045102521,0.965925826289068));
#2958=DIRECTION('center_axis',(1.,0.,0.));
#2959=DIRECTION('ref_axis',(0.,1.,0.));
#2960=DIRECTION('',(0.,1.,0.));
#2961=DIRECTION('',(0.,0.,1.));
#2962=DIRECTION('center_axis',(0.258819045102521,-0.965925826289068,0.));
#2963=DIRECTION('ref_axis',(0.965925826289068,0.258819045102521,0.));
#2964=DIRECTION('',(-0.965925826289068,-0.258819045102521,0.));
#2965=DIRECTION('',(-0.965925826289068,-0.258819045102521,0.));
#2966=DIRECTION('',(0.,0.,1.));
#2967=DIRECTION('center_axis',(0.,-1.,0.));
#2968=DIRECTION('ref_axis',(1.,0.,0.));
#2969=DIRECTION('',(1.,0.,0.));
#2970=DIRECTION('center_axis',(0.,-1.,0.));
#2971=DIRECTION('ref_axis',(1.,0.,0.));
#2972=DIRECTION('',(1.,0.,0.));
#2973=DIRECTION('center_axis',(0.,-1.,0.));
#2974=DIRECTION('ref_axis',(1.,0.,0.));
#2975=DIRECTION('',(1.,0.,0.));
#2976=DIRECTION('center_axis',(0.,0.,1.));
#2977=DIRECTION('ref_axis',(0.965925826289068,0.258819045102521,0.));
#2978=DIRECTION('',(0.258819045102521,-0.965925826289068,0.));
#2979=DIRECTION('',(-0.965925826289068,-0.258819045102521,0.));
#2980=DIRECTION('',(-0.258819045102521,0.965925826289068,0.));
#2981=DIRECTION('',(-0.258819045102521,0.965925826289068,0.));
#2982=DIRECTION('',(-0.965925826289068,-0.258819045102521,0.));
#2983=DIRECTION('',(-0.258819045102521,0.965925826289068,0.));
#2984=DIRECTION('',(-0.965925826289068,-0.258819045102521,0.));
#2985=DIRECTION('',(-0.258819045102521,0.965925826289068,0.));
#2986=DIRECTION('',(-0.258819045102521,0.965925826289068,0.));
#2987=DIRECTION('center_axis',(-0.965925826289068,-0.258819045102521,1.08845394571094E-16));
#2988=DIRECTION('ref_axis',(1.05136577688843E-16,2.81712610866976E-17,1.));
#2989=DIRECTION('',(-1.05136577688843E-16,-2.81712610866976E-17,-1.));
#2990=DIRECTION('',(-0.258819045102521,0.965925826289068,0.));
#2991=DIRECTION('',(1.05136577688843E-16,2.81712610866976E-17,1.));
#2992=DIRECTION('center_axis',(0.965925826289068,0.258819045102521,1.08845394571094E-16));
#2993=DIRECTION('ref_axis',(1.05136577688843E-16,2.81712610866976E-17,-1.));
#2994=DIRECTION('',(1.05136577688843E-16,2.81712610866976E-17,-1.));
#2995=DIRECTION('',(-0.258819045102521,0.965925826289068,0.));
#2996=DIRECTION('',(-1.05136577688843E-16,-2.81712610866976E-17,1.));
#2997=DIRECTION('center_axis',(0.,0.,1.));
#2998=DIRECTION('ref_axis',(1.,0.,0.));
#2999=DIRECTION('',(-0.258819045102521,0.965925826289068,0.));
#3000=DIRECTION('',(-0.965925826289068,-0.258819045102521,0.));
#3001=DIRECTION('center_axis',(0.,0.,1.));
#3002=DIRECTION('ref_axis',(1.,0.,0.));
#3003=DIRECTION('',(-0.965925826289068,-0.258819045102521,0.));
#3004=DIRECTION('',(1.,0.,0.));
#3005=DIRECTION('',(0.,1.,0.));
#3006=DIRECTION('center_axis',(0.258819045102521,-0.965925826289068,0.));
#3007=DIRECTION('ref_axis',(0.,0.,-1.));
#3008=DIRECTION('center_axis',(-0.258819045102521,0.965925826289068,0.));
#3009=DIRECTION('ref_axis',(-0.965925826289068,-0.258819045102521,0.));
#3010=DIRECTION('center_axis',(0.258819045102521,-0.965925826289068,0.));
#3011=DIRECTION('ref_axis',(-0.965925826289068,-0.258819045102521,0.));
#3012=DIRECTION('center_axis',(-0.258819045102521,0.965925826289068,0.));
#3013=DIRECTION('ref_axis',(-0.965925826289068,-0.258819045102521,0.));
#3014=DIRECTION('center_axis',(0.258819045102521,-0.965925826289068,0.));
#3015=DIRECTION('ref_axis',(-0.965925826289068,-0.258819045102521,0.));
#3016=DIRECTION('',(0.,0.,1.));
#3017=DIRECTION('',(-0.965925826289068,-0.258819045102521,0.));
#3018=DIRECTION('',(0.,0.,1.));
#3019=DIRECTION('center_axis',(0.258819045102521,-0.965925826289068,0.));
#3020=DIRECTION('ref_axis',(-0.965925826289068,-0.258819045102521,0.));
#3021=DIRECTION('',(0.,1.,0.));
#3022=DIRECTION('center_axis',(-1.,0.,1.08845394571094E-16));
#3023=DIRECTION('ref_axis',(1.08845394571094E-16,0.,1.));
#3024=DIRECTION('',(-1.08845394571094E-16,0.,-1.));
#3025=DIRECTION('',(0.,1.,0.));
#3026=DIRECTION('',(1.08845394571094E-16,0.,1.));
#3027=DIRECTION('center_axis',(1.,0.,1.08845394571094E-16));
#3028=DIRECTION('ref_axis',(1.08845394571094E-16,0.,-1.));
#3029=DIRECTION('',(1.08845394571094E-16,0.,-1.));
#3030=DIRECTION('',(0.,1.,0.));
#3031=DIRECTION('',(-1.08845394571094E-16,0.,1.));
#3032=DIRECTION('center_axis',(0.,0.,1.));
#3033=DIRECTION('ref_axis',(1.,0.,0.));
#3034=DIRECTION('',(1.,0.,0.));
#3035=DIRECTION('',(0.965925826289068,-0.258819045102521,0.));
#3036=DIRECTION('',(0.258819045102521,0.965925826289068,0.));
#3037=DIRECTION('center_axis',(0.,-1.,0.));
#3038=DIRECTION('ref_axis',(0.,0.,-1.));
#3039=DIRECTION('center_axis',(0.,1.,0.));
#3040=DIRECTION('ref_axis',(-1.,0.,0.));
#3041=DIRECTION('center_axis',(0.,-1.,0.));
#3042=DIRECTION('ref_axis',(-1.,0.,0.));
#3043=DIRECTION('center_axis',(0.,1.,0.));
#3044=DIRECTION('ref_axis',(-1.,0.,0.));
#3045=DIRECTION('center_axis',(0.,-1.,0.));
#3046=DIRECTION('ref_axis',(-1.,0.,0.));
#3047=DIRECTION('',(-1.,0.,0.));
#3048=DIRECTION('',(0.,0.,1.));
#3049=DIRECTION('center_axis',(0.,-1.,0.));
#3050=DIRECTION('ref_axis',(-1.,0.,0.));
#3051=DIRECTION('center_axis',(0.,0.,1.));
#3052=DIRECTION('ref_axis',(0.965925826289068,-0.258819045102521,0.));
#3053=DIRECTION('',(-0.258819045102521,-0.965925826289068,0.));
#3054=DIRECTION('',(-0.965925826289068,0.258819045102521,0.));
#3055=DIRECTION('',(0.258819045102521,0.965925826289068,0.));
#3056=DIRECTION('',(0.258819045102521,0.965925826289068,0.));
#3057=DIRECTION('',(-0.965925826289068,0.258819045102521,0.));
#3058=DIRECTION('',(0.258819045102521,0.965925826289068,0.));
#3059=DIRECTION('',(-0.965925826289068,0.258819045102521,0.));
#3060=DIRECTION('',(0.258819045102521,0.965925826289068,0.));
#3061=DIRECTION('center_axis',(-0.965925826289068,0.258819045102521,1.08845394571094E-16));
#3062=DIRECTION('ref_axis',(1.05136577688843E-16,-2.81712610866976E-17,
1.));
#3063=DIRECTION('',(-1.05136577688843E-16,2.81712610866976E-17,-1.));
#3064=DIRECTION('',(0.258819045102521,0.965925826289068,0.));
#3065=DIRECTION('',(1.05136577688843E-16,-2.81712610866976E-17,1.));
#3066=DIRECTION('center_axis',(0.965925826289068,-0.258819045102521,1.08845394571094E-16));
#3067=DIRECTION('ref_axis',(1.05136577688843E-16,-2.81712610866976E-17,
-1.));
#3068=DIRECTION('',(1.05136577688843E-16,-2.81712610866976E-17,-1.));
#3069=DIRECTION('',(0.258819045102521,0.965925826289068,0.));
#3070=DIRECTION('',(-1.05136577688843E-16,2.81712610866976E-17,1.));
#3071=DIRECTION('center_axis',(0.,0.,1.));
#3072=DIRECTION('ref_axis',(1.,0.,0.));
#3073=DIRECTION('',(0.965925826289068,-0.258819045102521,0.));
#3074=DIRECTION('',(0.258819045102521,0.965925826289068,0.));
#3075=DIRECTION('center_axis',(-0.258819045102521,-0.965925826289068,0.));
#3076=DIRECTION('ref_axis',(0.,0.,-1.));
#3077=DIRECTION('center_axis',(0.258819045102521,0.965925826289068,0.));
#3078=DIRECTION('ref_axis',(-0.965925826289068,0.258819045102521,0.));
#3079=DIRECTION('center_axis',(-0.258819045102521,-0.965925826289068,0.));
#3080=DIRECTION('ref_axis',(-0.965925826289068,0.258819045102521,0.));
#3081=DIRECTION('center_axis',(0.258819045102521,0.965925826289068,0.));
#3082=DIRECTION('ref_axis',(-0.965925826289068,0.258819045102521,0.));
#3083=DIRECTION('center_axis',(-0.258819045102521,-0.965925826289068,0.));
#3084=DIRECTION('ref_axis',(-0.965925826289068,0.258819045102521,0.));
#3085=DIRECTION('',(-0.965925826289068,0.258819045102521,0.));
#3086=DIRECTION('',(0.,0.,1.));
#3087=DIRECTION('center_axis',(-0.258819045102521,-0.965925826289068,0.));
#3088=DIRECTION('ref_axis',(-0.965925826289068,0.258819045102521,0.));
#3089=DIRECTION('center_axis',(-0.258819045102521,0.965925826289068,0.));
#3090=DIRECTION('ref_axis',(-0.965925826289068,-0.258819045102521,0.));
#3091=DIRECTION('',(0.258819045102521,-0.965925826289068,0.));
#3092=DIRECTION('center_axis',(-0.258819045102521,0.965925826289068,0.));
#3093=DIRECTION('ref_axis',(-0.965925826289068,-0.258819045102521,0.));
#3094=DIRECTION('center_axis',(-0.258819045102521,0.965925826289068,0.));
#3095=DIRECTION('ref_axis',(-0.965925826289068,-0.258819045102521,0.));
#3096=DIRECTION('center_axis',(-0.258819045102521,0.965925826289068,0.));
#3097=DIRECTION('ref_axis',(-0.965925826289068,-0.258819045102521,0.));
#3098=DIRECTION('center_axis',(0.258819045102521,0.965925826289068,0.));
#3099=DIRECTION('ref_axis',(-0.965925826289068,0.258819045102521,0.));
#3100=DIRECTION('',(-0.258819045102521,-0.965925826289068,0.));
#3101=DIRECTION('center_axis',(0.258819045102521,0.965925826289068,0.));
#3102=DIRECTION('ref_axis',(-0.965925826289068,0.258819045102521,0.));
#3103=DIRECTION('center_axis',(0.258819045102521,0.965925826289068,0.));
#3104=DIRECTION('ref_axis',(-0.965925826289068,0.258819045102521,0.));
#3105=DIRECTION('center_axis',(0.258819045102521,0.965925826289068,0.));
#3106=DIRECTION('ref_axis',(-0.965925826289068,0.258819045102521,0.));
#3107=DIRECTION('center_axis',(-0.258819045102521,0.965925826289068,0.));
#3108=DIRECTION('ref_axis',(-0.965925826289068,-0.258819045102521,0.));
#3109=DIRECTION('center_axis',(0.258819045102521,-0.965925826289068,0.));
#3110=DIRECTION('ref_axis',(-0.965925826289068,-0.258819045102521,0.));
#3111=DIRECTION('',(0.258819045102521,-0.965925826289068,0.));
#3112=DIRECTION('center_axis',(-0.258819045102521,0.965925826289068,0.));
#3113=DIRECTION('ref_axis',(-0.965925826289068,-0.258819045102521,0.));
#3114=DIRECTION('center_axis',(-0.258819045102521,0.965925826289068,0.));
#3115=DIRECTION('ref_axis',(0.922098684065054,0.247075597737032,0.29780474450281));
#3116=DIRECTION('center_axis',(-0.258819045102521,0.965925826289068,0.));
#3117=DIRECTION('ref_axis',(-0.965925826289068,-0.258819045102521,0.));
#3118=DIRECTION('center_axis',(0.258819045102521,-0.965925826289068,0.));
#3119=DIRECTION('ref_axis',(0.,0.,-1.));
#3120=DIRECTION('center_axis',(-0.258819045102521,0.965925826289068,0.));
#3121=DIRECTION('ref_axis',(-0.965925826289068,-0.258819045102521,0.));
#3122=DIRECTION('center_axis',(0.,1.,0.));
#3123=DIRECTION('ref_axis',(-1.,0.,0.));
#3124=DIRECTION('',(0.,-1.,0.));
#3125=DIRECTION('center_axis',(0.,1.,0.));
#3126=DIRECTION('ref_axis',(-1.,0.,0.));
#3127=DIRECTION('center_axis',(0.,1.,0.));
#3128=DIRECTION('ref_axis',(-1.,0.,0.));
#3129=DIRECTION('center_axis',(0.,1.,0.));
#3130=DIRECTION('ref_axis',(-1.,0.,0.));
#3131=DIRECTION('center_axis',(0.258819045102521,0.965925826289068,0.));
#3132=DIRECTION('ref_axis',(-0.965925826289068,0.258819045102521,0.));
#3133=DIRECTION('center_axis',(-0.258819045102521,-0.965925826289068,0.));
#3134=DIRECTION('ref_axis',(-0.965925826289068,0.258819045102521,0.));
#3135=DIRECTION('',(-0.258819045102521,-0.965925826289068,0.));
#3136=DIRECTION('center_axis',(0.258819045102521,0.965925826289068,0.));
#3137=DIRECTION('ref_axis',(-0.965925826289068,0.258819045102521,0.));
#3138=DIRECTION('center_axis',(0.258819045102521,0.965925826289068,0.));
#3139=DIRECTION('ref_axis',(0.922098684065054,-0.247075597737032,0.297804744502811));
#3140=DIRECTION('center_axis',(0.258819045102521,0.965925826289068,0.));
#3141=DIRECTION('ref_axis',(-0.965925826289068,0.258819045102521,0.));
#3142=DIRECTION('center_axis',(-0.258819045102521,-0.965925826289068,0.));
#3143=DIRECTION('ref_axis',(0.,0.,-1.));
#3144=DIRECTION('center_axis',(0.258819045102521,0.965925826289068,0.));
#3145=DIRECTION('ref_axis',(-0.965925826289068,0.258819045102521,0.));
#3146=DIRECTION('center_axis',(0.,1.,0.));
#3147=DIRECTION('ref_axis',(-1.,0.,0.));
#3148=DIRECTION('center_axis',(0.,-1.,0.));
#3149=DIRECTION('ref_axis',(-1.,0.,0.));
#3150=DIRECTION('',(0.,-1.,0.));
#3151=DIRECTION('center_axis',(0.,1.,0.));
#3152=DIRECTION('ref_axis',(-1.,0.,0.));
#3153=DIRECTION('center_axis',(0.,1.,0.));
#3154=DIRECTION('ref_axis',(0.954626803600033,0.,0.29780474450281));
#3155=DIRECTION('center_axis',(0.,1.,0.));
#3156=DIRECTION('ref_axis',(-1.,0.,0.));
#3157=DIRECTION('center_axis',(0.,-1.,0.));
#3158=DIRECTION('ref_axis',(0.,0.,-1.));
#3159=DIRECTION('center_axis',(0.,1.,0.));
#3160=DIRECTION('ref_axis',(-1.,0.,0.));
#3161=DIRECTION('center_axis',(-0.965925826289068,-0.258819045102521,0.));
#3162=DIRECTION('ref_axis',(0.258819045102521,-0.965925826289068,0.));
#3163=DIRECTION('',(0.258819045102521,-0.965925826289068,0.));
#3164=DIRECTION('center_axis',(0.965925826289068,-0.258819045102521,0.));
#3165=DIRECTION('ref_axis',(0.258819045102521,0.965925826289068,0.));
#3166=DIRECTION('',(0.258819045102521,0.965925826289068,0.));
#3167=DIRECTION('center_axis',(0.,0.,1.));
#3168=DIRECTION('ref_axis',(1.,0.,0.));
#3169=DIRECTION('axis',(0.,0.,1.));
#3170=DIRECTION('refdir',(1.,0.,0.));
#3171=DIRECTION('axis',(0.,0.,1.));
#3172=DIRECTION('refdir',(1.,0.,0.));
#3173=DIRECTION('center_axis',(0.,0.,1.));
#3174=DIRECTION('ref_axis',(1.,0.,0.));
#3175=DIRECTION('center_axis',(0.,0.,-1.));
#3176=DIRECTION('ref_axis',(1.,0.,0.));
#3177=DIRECTION('',(0.,0.,-1.));
#3178=DIRECTION('center_axis',(0.,0.,-1.));
#3179=DIRECTION('ref_axis',(1.,0.,0.));
#3180=DIRECTION('center_axis',(0.,0.,1.));
#3181=DIRECTION('ref_axis',(1.,0.,0.));
#3182=DIRECTION('center_axis',(0.,0.,-1.));
#3183=DIRECTION('ref_axis',(1.,0.,0.));
#3184=DIRECTION('',(0.,0.,-1.));
#3185=DIRECTION('center_axis',(0.,0.,-1.));
#3186=DIRECTION('ref_axis',(1.,0.,0.));
#3187=DIRECTION('center_axis',(4.44089209850062E-17,1.,0.));
#3188=DIRECTION('ref_axis',(-1.,4.44089209850062E-17,0.));
#3189=DIRECTION('',(1.,-4.44089209850062E-17,0.));
#3190=DIRECTION('',(0.,0.,1.));
#3191=DIRECTION('',(-1.,4.44089209850062E-17,0.));
#3192=DIRECTION('',(0.,0.,1.));
#3193=DIRECTION('center_axis',(1.,3.483052626275E-15,0.));
#3194=DIRECTION('ref_axis',(-3.483052626275E-15,1.,0.));
#3195=DIRECTION('',(3.483052626275E-15,-1.,0.));
#3196=DIRECTION('',(-3.483052626275E-15,1.,0.));
#3197=DIRECTION('',(0.,0.,1.));
#3198=DIRECTION('center_axis',(2.17690789142188E-16,1.,0.));
#3199=DIRECTION('ref_axis',(-1.,2.17690789142188E-16,0.));
#3200=DIRECTION('',(-1.,2.17690789142188E-16,0.));
#3201=DIRECTION('',(-1.,2.17690789142188E-16,0.));
#3202=DIRECTION('',(0.,0.,1.));
#3203=DIRECTION('center_axis',(0.,0.,1.));
#3204=DIRECTION('ref_axis',(1.,0.,0.));
#3205=DIRECTION('center_axis',(0.,0.,1.));
#3206=DIRECTION('ref_axis',(1.,0.,0.));
#3207=DIRECTION('center_axis',(0.,0.,1.));
#3208=DIRECTION('ref_axis',(1.,0.,0.));
#3209=DIRECTION('',(0.,0.,1.));
#3210=DIRECTION('center_axis',(0.,-1.,0.));
#3211=DIRECTION('ref_axis',(1.,0.,0.));
#3212=DIRECTION('',(-1.,0.,0.));
#3213=DIRECTION('',(1.,0.,0.));
#3214=DIRECTION('',(0.,0.,1.));
#3215=DIRECTION('center_axis',(1.,3.483052626275E-15,0.));
#3216=DIRECTION('ref_axis',(-3.483052626275E-15,1.,0.));
#3217=DIRECTION('',(3.483052626275E-15,-1.,0.));
#3218=DIRECTION('',(-3.483052626275E-15,1.,0.));
#3219=DIRECTION('',(0.,0.,1.));
#3220=DIRECTION('center_axis',(0.,-1.,0.));
#3221=DIRECTION('ref_axis',(1.,0.,0.));
#3222=DIRECTION('',(-1.,0.,0.));
#3223=DIRECTION('',(1.,0.,0.));
#3224=DIRECTION('',(0.,0.,1.));
#3225=DIRECTION('center_axis',(-1.,0.,0.));
#3226=DIRECTION('ref_axis',(0.,-1.,0.));
#3227=DIRECTION('',(0.,-1.,0.));
#3228=DIRECTION('',(0.,-1.,0.));
#3229=DIRECTION('',(0.,0.,1.));
#3230=DIRECTION('center_axis',(0.,-1.,0.));
#3231=DIRECTION('ref_axis',(1.,0.,0.));
#3232=DIRECTION('',(1.,0.,0.));
#3233=DIRECTION('',(1.,0.,0.));
#3234=DIRECTION('',(0.,0.,1.));
#3235=DIRECTION('center_axis',(0.,0.,1.));
#3236=DIRECTION('ref_axis',(-1.,1.22464679914735E-16,0.));
#3237=DIRECTION('center_axis',(0.,0.,1.));
#3238=DIRECTION('ref_axis',(1.,0.,0.));
#3239=DIRECTION('center_axis',(0.,0.,1.));
#3240=DIRECTION('ref_axis',(1.,0.,0.));
#3241=DIRECTION('',(0.,0.,1.));
#3242=DIRECTION('center_axis',(-2.17690789142188E-16,1.,0.));
#3243=DIRECTION('ref_axis',(-1.,-2.17690789142188E-16,0.));
#3244=DIRECTION('',(1.,2.17690789142188E-16,0.));
#3245=DIRECTION('',(-1.,-2.17690789142188E-16,0.));
#3246=DIRECTION('',(0.,0.,1.));
#3247=DIRECTION('center_axis',(-1.,0.,0.));
#3248=DIRECTION('ref_axis',(0.,-1.,0.));
#3249=DIRECTION('',(0.,-1.,0.));
#3250=DIRECTION('',(0.,-1.,0.));
#3251=DIRECTION('center_axis',(0.,0.,1.));
#3252=DIRECTION('ref_axis',(1.,0.,0.));
#3253=DIRECTION('center_axis',(0.,0.,1.));
#3254=DIRECTION('ref_axis',(1.,0.,0.));
#3255=DIRECTION('',(0.,-1.,0.));
#3256=DIRECTION('',(1.,0.,0.));
#3257=DIRECTION('',(0.258819045102521,-0.965925826289068,0.));
#3258=DIRECTION('',(0.965925826289068,0.258819045102521,-1.22464679914735E-16));
#3259=DIRECTION('',(-0.258819045102521,-0.965925826289068,0.));
#3260=DIRECTION('',(0.965925826289068,-0.258819045102521,-1.22464679914735E-16));
#3261=DIRECTION('',(0.,0.,1.));
#3262=DIRECTION('',(1.,0.,0.));
#3263=DIRECTION('',(0.,0.,1.));
#3264=DIRECTION('',(1.,0.,0.));
#3265=CARTESIAN_POINT('',(0.,0.,0.));
#3266=CARTESIAN_POINT('',(0.,0.,0.));
#3267=CARTESIAN_POINT('Origin',(-8.25,-16.4742785498241,4.99655840734115));
#3268=CARTESIAN_POINT('',(-3.,-10.0495974886822,7.77567216222859));
#3269=CARTESIAN_POINT('',(-5.25519083272199,-9.71279776580066,6.8082917230588));
#3270=CARTESIAN_POINT('Ctrl Pts',(-3.,-10.0495974886822,7.77567216222859));
#3271=CARTESIAN_POINT('Ctrl Pts',(-3.3791222833585,-10.0495974886822,7.77567216222859));
#3272=CARTESIAN_POINT('Ctrl Pts',(-3.7829136972778,-10.0177417952678,7.70530990389631));
#3273=CARTESIAN_POINT('Ctrl Pts',(-4.52483606290245,-9.90377769853422,7.41579786396357));
#3274=CARTESIAN_POINT('Ctrl Pts',(-4.86306354357492,-9.82341416148502,7.19621140288167));
#3275=CARTESIAN_POINT('Ctrl Pts',(-5.17267836495293,-9.73683806855888,6.89622856845947));
#3276=CARTESIAN_POINT('Ctrl Pts',(-5.21448612693322,-9.72480678103457,6.85310997806063));
#3277=CARTESIAN_POINT('Ctrl Pts',(-5.25519083272199,-9.71279776580066,6.8082917230588));
#3278=CARTESIAN_POINT('',(-6.,-9.71279776580066,6.8082917230588));
#3279=CARTESIAN_POINT('',(-8.25,-9.71279776580066,6.8082917230588));
#3280=CARTESIAN_POINT('',(-6.,-16.4742785498241,11.9965584073412));
#3281=CARTESIAN_POINT('Origin',(-6.,-16.4742785498241,4.99655840734115));
#3282=CARTESIAN_POINT('',(6.,-16.4742785498241,11.9965584073412));
#3283=CARTESIAN_POINT('',(-8.25,-16.4742785498241,11.9965584073412));
#3284=CARTESIAN_POINT('',(6.00000000000001,-9.71279776580066,6.8082917230588));
#3285=CARTESIAN_POINT('Origin',(6.00000000000001,-16.4742785498241,4.99655840734115));
#3286=CARTESIAN_POINT('',(5.25519083272199,-9.71279776580066,6.8082917230588));
#3287=CARTESIAN_POINT('',(-8.25,-9.71279776580066,6.8082917230588));
#3288=CARTESIAN_POINT('',(3.,-10.0495974886822,7.77567216222859));
#3289=CARTESIAN_POINT('Ctrl Pts',(5.25519083272199,-9.71279776580066,6.8082917230588));
#3290=CARTESIAN_POINT('Ctrl Pts',(5.21448612693322,-9.72480678103457,6.85310997806063));
#3291=CARTESIAN_POINT('Ctrl Pts',(5.17267836495293,-9.73683806855888,6.89622856845947));
#3292=CARTESIAN_POINT('Ctrl Pts',(4.86306354357492,-9.82341416148502,7.19621140288167));
#3293=CARTESIAN_POINT('Ctrl Pts',(4.52483606290245,-9.90377769853422,7.41579786396357));
#3294=CARTESIAN_POINT('Ctrl Pts',(3.7829136972778,-10.0177417952678,7.70530990389631));
#3295=CARTESIAN_POINT('Ctrl Pts',(3.3791222833585,-10.0495974886822,7.77567216222859));
#3296=CARTESIAN_POINT('Ctrl Pts',(3.,-10.0495974886822,7.77567216222859));
#3297=CARTESIAN_POINT('',(-8.25,-10.0495974886822,7.77567216222859));
#3298=CARTESIAN_POINT('Origin',(-3.,-23.619072562528,1.03391373324712));
#3299=CARTESIAN_POINT('',(-3.,-15.2192343480895,6.39047214058825));
#3300=CARTESIAN_POINT('',(-3.,-24.3955296978356,3.93169121211433));
#3301=CARTESIAN_POINT('',(-6.,-14.4427772127819,3.49269466172105));
#3302=CARTESIAN_POINT('Origin',(-3.,-14.4427772127819,3.49269466172105));
#3303=CARTESIAN_POINT('',(-6.,-9.20074704372483,4.89729241221948));
#3304=CARTESIAN_POINT('',(-6.,-23.619072562528,1.03391373324712));
#3305=CARTESIAN_POINT('Origin',(-3.,-9.20074704372483,4.89729241221948));
#3306=CARTESIAN_POINT('Origin',(-3.,-24.3955296978356,3.93169121211433));
#3307=CARTESIAN_POINT('',(3.,-15.2192343480895,6.39047214058825));
#3308=CARTESIAN_POINT('',(3.,-24.3955296978356,3.93169121211433));
#3309=CARTESIAN_POINT('',(-12.75,-15.2192343480895,6.39047214058825));
#3310=CARTESIAN_POINT('Origin',(3.,-23.619072562528,1.03391373324712));
#3311=CARTESIAN_POINT('',(6.00000000000001,-9.20074704372484,4.89729241221948));
#3312=CARTESIAN_POINT('Origin',(3.,-9.20074704372483,4.89729241221948));
#3313=CARTESIAN_POINT('',(6.,-14.4427772127819,3.49269466172105));
#3314=CARTESIAN_POINT('',(6.,-23.619072562528,1.03391373324712));
#3315=CARTESIAN_POINT('Origin',(3.,-14.4427772127819,3.49269466172105));
#3316=CARTESIAN_POINT('Origin',(6.00000000000001,-9.9772041790324,7.79506989108669));
#3317=CARTESIAN_POINT('',(6.00000000000001,-9.9772041790324,7.79506989108669));
#3318=CARTESIAN_POINT('Origin',(-22.5,-20.6919901720755,7.49655840734115));
#3319=CARTESIAN_POINT('',(-22.5,-20.6919901720755,11.9965584073412));
#3320=CARTESIAN_POINT('',(-22.5,-25.0386563903763,6.33187270437981));
#3321=CARTESIAN_POINT('Origin',(-22.5,-20.6919901720755,7.49655840734115));
#3322=CARTESIAN_POINT('',(22.5,-25.0386563903763,6.33187270437981));
#3323=CARTESIAN_POINT('',(-22.5,-25.0386563903763,6.33187270437981));
#3324=CARTESIAN_POINT('',(22.5,-20.6919901720755,11.9965584073412));
#3325=CARTESIAN_POINT('Origin',(22.5,-20.6919901720755,7.49655840734115));
#3326=CARTESIAN_POINT('',(-22.5,-20.6919901720755,11.9965584073412));
#3327=CARTESIAN_POINT('Origin',(22.5,-20.2544903067279,0.139971717950215));
#3328=CARTESIAN_POINT('',(22.5,-21.9058285412302,-5.36000000000001));
#3329=CARTESIAN_POINT('',(22.5,-25.6896249233482,8.76132034355964));
#3330=CARTESIAN_POINT('',(22.5,-18.8,-5.36));
#3331=CARTESIAN_POINT('',(22.5,-21.0965321537384,-5.36));
#3332=CARTESIAN_POINT('',(22.5,-22.0153903091735,6.64));
#3333=CARTESIAN_POINT('',(22.5,-18.8,-5.36));
#3334=CARTESIAN_POINT('',(22.5,-15.7368724382945,8.32232379316639));
#3335=CARTESIAN_POINT('',(22.5,-22.0153903091735,6.64));
#3336=CARTESIAN_POINT('',(22.5,-14.5851679990272,4.02410431051803));
#3337=CARTESIAN_POINT('',(22.5,-12.5214821291211,-3.67767620683361));
#3338=CARTESIAN_POINT('',(22.5,-14.5851679990272,11.7367506088177));
#3339=CARTESIAN_POINT('',(22.5,-14.5851679990272,0.0699858589751073));
#3340=CARTESIAN_POINT('',(22.5,-13.6155520947349,11.9965584073412));
#3341=CARTESIAN_POINT('',(22.5,-16.8362726808746,11.1335689272387));
#3342=CARTESIAN_POINT('',(22.5,-13.6155520947349,11.9965584073412));
#3343=CARTESIAN_POINT('Origin',(-22.5,-25.6896249233482,8.76132034355964));
#3344=CARTESIAN_POINT('',(-22.5,-21.9058285412302,-5.36000000000001));
#3345=CARTESIAN_POINT('',(-22.5,-25.7041424009901,8.81550030771668));
#3346=CARTESIAN_POINT('',(-6.,-21.9058285412302,-5.36000000000001));
#3347=CARTESIAN_POINT('',(-22.5,-21.9058285412302,-5.36000000000001));
#3348=CARTESIAN_POINT('',(-6.,-23.619072562528,1.03391373324712));
#3349=CARTESIAN_POINT('',(-6.,-23.2800886420842,-0.231191480798321));
#3350=CARTESIAN_POINT('',(-3.,-24.3955296978356,3.93169121211433));
#3351=CARTESIAN_POINT('Origin',(-3.,-23.6190725625281,1.0339137332471));
#3352=CARTESIAN_POINT('',(3.,-24.3955296978356,3.93169121211433));
#3353=CARTESIAN_POINT('',(-12.75,-24.3955296978356,3.93169121211431));
#3354=CARTESIAN_POINT('',(6.,-23.619072562528,1.03391373324712));
#3355=CARTESIAN_POINT('Origin',(3.,-23.6190725625281,1.0339137332471));
#3356=CARTESIAN_POINT('',(6.00000000000001,-21.9058285412302,-5.36000000000001));
#3357=CARTESIAN_POINT('',(6.,-24.6543487429382,4.89761703840338));
#3358=CARTESIAN_POINT('',(-22.5,-21.9058285412302,-5.36000000000001));
#3359=CARTESIAN_POINT('Origin',(-22.5,-13.6155520947349,11.9965584073412));
#3360=CARTESIAN_POINT('',(-22.5,-14.5851679990272,11.7367506088177));
#3361=CARTESIAN_POINT('',(-22.5,-13.6155520947349,11.9965584073412));
#3362=CARTESIAN_POINT('',(-22.5,-16.8362726808746,11.1335689272387));
#3363=CARTESIAN_POINT('',(-22.5629411056424,-13.6155520947349,11.9965584073412));
#3364=CARTESIAN_POINT('',(-22.5,-13.6155520947349,11.9965584073412));
#3365=CARTESIAN_POINT('Origin',(-30.,-14.5851679990272,11.7367506088177));
#3366=CARTESIAN_POINT('Origin',(-6.,-4.18164922129798,9.34798416170181));
#3367=CARTESIAN_POINT('',(-6.,-4.89133255151092,11.9965584073412));
#3368=CARTESIAN_POINT('',(6.00000000000001,-4.89133255151092,11.9965584073412));
#3369=CARTESIAN_POINT('',(-14.25,-4.89133255151091,11.9965584073412));
#3370=CARTESIAN_POINT('',(-6.,-3.40519208599042,6.4502066828346));
#3371=CARTESIAN_POINT('',(-6.,-4.18164922129798,9.34798416170181));
#3372=CARTESIAN_POINT('',(-3.,-4.18164922129798,9.34798416170181));
#3373=CARTESIAN_POINT('Origin',(-3.,-3.40519208599042,6.4502066828346));
#3374=CARTESIAN_POINT('',(3.,-4.18164922129798,9.34798416170181));
#3375=CARTESIAN_POINT('',(-4.5,-4.18164922129798,9.34798416170181));
#3376=CARTESIAN_POINT('',(6.00000000000001,-3.40519208599042,6.4502066828346));
#3377=CARTESIAN_POINT('Origin',(3.,-3.40519208599042,6.4502066828346));
#3378=CARTESIAN_POINT('',(6.00000000000001,-4.18164922129799,9.34798416170181));
#3379=CARTESIAN_POINT('Origin',(6.00000000000001,-9.9772041790324,7.79506989108669));
#3380=CARTESIAN_POINT('',(-6.,-9.97720417903239,7.79506989108669));
#3381=CARTESIAN_POINT('Origin',(6.,-23.6190725625281,1.0339137332471));
#3382=CARTESIAN_POINT('',(6.,-3.33463021045757,6.46911368040006));
#3383=CARTESIAN_POINT('',(6.,-23.619072562528,1.03391373324712));
#3384=CARTESIAN_POINT('',(6.,-2.18402591758701,2.175));
#3385=CARTESIAN_POINT('',(6.00000000000001,-1.62138618915981,0.0751999471529241));
#3386=CARTESIAN_POINT('',(6.,-3.93606017042366,2.175));
#3387=CARTESIAN_POINT('',(6.,-11.809536281264,2.175));
#3388=CARTESIAN_POINT('',(6.00000000000001,-3.93606017042366,1.99655840734116));
#3389=CARTESIAN_POINT('',(6.00000000000001,-3.93606017042366,1.51523607029413));
#3390=CARTESIAN_POINT('',(6.00000000000001,-5.72315867905884,1.99655840734116));
#3391=CARTESIAN_POINT('',(6.,-14.6711156207935,1.99655840734116));
#3392=CARTESIAN_POINT('',(6.00000000000001,-9.60124473631765,-2.98346635382297));
#3393=CARTESIAN_POINT('Origin',(6.00000000000001,-5.72315867905884,-2.00344159265885));
#3394=CARTESIAN_POINT('',(6.00000000000001,-9.62370465025385,-2.90121907152605));
#3395=CARTESIAN_POINT('',(6.,-10.6093318062459,0.70810708923575));
#3396=CARTESIAN_POINT('',(6.00000000000001,-9.58686198421511,-3.03871777306893));
#3397=CARTESIAN_POINT('',(6.,-10.5659308590649,0.61521701197983));
#3398=CARTESIAN_POINT('Origin',(6.00000000000001,-5.72315867905884,-2.00344159265885));
#3399=CARTESIAN_POINT('',(6.00000000000001,-8.9522659534452,-5.36));
#3400=CARTESIAN_POINT('',(6.,-10.2736124578416,-0.521283375001224));
#3401=CARTESIAN_POINT('',(6.00000000000001,-12.0271585448714,-5.36));
#3402=CARTESIAN_POINT('',(6.00000000000001,-17.8231155536997,-5.36));
#3403=CARTESIAN_POINT('',(6.00000000000001,-12.5214821291211,-3.67767620683361));
#3404=CARTESIAN_POINT('',(6.,-13.5996782281806,-0.00826813296987056));
#3405=CARTESIAN_POINT('',(6.,-15.0898248255382,5.90750922744372));
#3406=CARTESIAN_POINT('',(6.00000000000001,-4.05885469586083,11.9965584073412));
#3407=CARTESIAN_POINT('Origin',(3.,-23.619072562528,1.03391373324712));
#3408=CARTESIAN_POINT('',(3.,-4.11108734576513,9.36689115926726));
#3409=CARTESIAN_POINT('',(3.,-24.3955296978356,3.93169121211433));
#3410=CARTESIAN_POINT('Origin',(3.,-3.33463021045757,6.46911368040006));
#3411=CARTESIAN_POINT('Origin',(-3.,-24.3955296978356,3.93169121211433));
#3412=CARTESIAN_POINT('',(-3.,-4.11108734576513,9.36689115926726));
#3413=CARTESIAN_POINT('',(-3.,-24.3955296978356,3.93169121211433));
#3414=CARTESIAN_POINT('',(3.,-4.11108734576513,9.36689115926726));
#3415=CARTESIAN_POINT('Origin',(-3.,-23.619072562528,1.03391373324712));
#3416=CARTESIAN_POINT('',(-6.,-3.33463021045757,6.46911368040005));
#3417=CARTESIAN_POINT('',(-6.,-23.619072562528,1.03391373324712));
#3418=CARTESIAN_POINT('Origin',(-3.,-3.33463021045757,6.46911368040006));
#3419=CARTESIAN_POINT('Origin',(6.,-23.6190725625281,1.0339137332471));
#3420=CARTESIAN_POINT('',(6.00000000000001,-18.8,-5.36));
#3421=CARTESIAN_POINT('',(6.00000000000001,-22.7624505518792,-5.36));
#3422=CARTESIAN_POINT('',(6.,-20.7212950836609,1.81037086855466));
#3423=CARTESIAN_POINT('',(6.,-23.619072562528,1.03391373324712));
#3424=CARTESIAN_POINT('',(6.,-19.7606475418304,-1.77481456572266));
#3425=CARTESIAN_POINT('Origin',(-6.,-20.8705523608202,-9.22370330515628));
#3426=CARTESIAN_POINT('',(-6.,-20.7212950836609,1.81037086855466));
#3427=CARTESIAN_POINT('',(-6.,-18.8,-5.36));
#3428=CARTESIAN_POINT('',(-6.,-18.3863874409765,-6.90362308492436));
#3429=CARTESIAN_POINT('',(-6.,-23.619072562528,1.03391373324712));
#3430=CARTESIAN_POINT('',(-6.,-21.3881904510252,-5.36));
#3431=CARTESIAN_POINT('Origin',(-6.,-20.8705523608202,-9.22370330515628));
#3432=CARTESIAN_POINT('',(-6.,-2.18402591758701,2.175));
#3433=CARTESIAN_POINT('',(-6.,-3.93606017042366,2.175));
#3434=CARTESIAN_POINT('',(-6.,-10.4352761804101,2.175));
#3435=CARTESIAN_POINT('',(-6.,-1.62138618915981,0.0751999471529241));
#3436=CARTESIAN_POINT('',(-6.,-6.95663217472803,11.9965584073412));
#3437=CARTESIAN_POINT('',(-6.,-12.5214821291211,-3.67767620683361));
#3438=CARTESIAN_POINT('',(-6.,-13.7155647246843,0.778700708242024));
#3439=CARTESIAN_POINT('',(-6.,-12.0271585448714,-5.36));
#3440=CARTESIAN_POINT('',(-6.,-12.1032120251061,-5.10116836940685));
#3441=CARTESIAN_POINT('',(-6.,-8.9522659534452,-5.36));
#3442=CARTESIAN_POINT('',(-6.,-16.4488554528458,-5.36));
#3443=CARTESIAN_POINT('',(-6.,-9.60124473631765,-2.98346635382297));
#3444=CARTESIAN_POINT('',(-6.,-8.87487368448002,-5.64340731007516));
#3445=CARTESIAN_POINT('',(-6.,-9.58686198421511,-3.03871777306893));
#3446=CARTESIAN_POINT('Origin',(-6.,-5.72315867905884,-2.00344159265885));
#3447=CARTESIAN_POINT('',(-6.,-9.62370465025385,-2.90121907152605));
#3448=CARTESIAN_POINT('',(-6.,-9.19167075821096,-4.51359150722187));
#3449=CARTESIAN_POINT('',(-6.,-9.21059303288435,-4.41401684583819));
#3450=CARTESIAN_POINT('',(-6.,-5.72315867905884,1.99655840734116));
#3451=CARTESIAN_POINT('Origin',(-6.,-5.72315867905884,-2.00344159265885));
#3452=CARTESIAN_POINT('',(-6.,-3.93606017042366,1.99655840734116));
#3453=CARTESIAN_POINT('',(-6.,-13.2968555199395,1.99655840734116));
#3454=CARTESIAN_POINT('',(-6.,-3.93606017042367,-3.61357244890757));
#3455=CARTESIAN_POINT('Origin',(3.33066907387547E-15,-2.34859867725739,
2.78919390063197));
#3456=CARTESIAN_POINT('',(-3.7,-2.18402591758694,2.175));
#3457=CARTESIAN_POINT('Origin',(3.,-23.619072562528,1.03391373324712));
#3458=CARTESIAN_POINT('',(3.,-21.4977522189684,4.70814834742187));
#3459=CARTESIAN_POINT('Origin',(3.,-20.7212950836609,1.81037086855466));
#3460=CARTESIAN_POINT('',(3.,-24.3955296978356,3.93169121211433));
#3461=CARTESIAN_POINT('Origin',(-3.,-24.3955296978356,3.93169121211433));
#3462=CARTESIAN_POINT('',(-3.,-21.4977522189684,4.70814834742187));
#3463=CARTESIAN_POINT('',(-12.75,-21.4977522189684,4.70814834742187));
#3464=CARTESIAN_POINT('',(-3.,-24.3955296978356,3.93169121211433));
#3465=CARTESIAN_POINT('Origin',(-3.,-23.619072562528,1.03391373324712));
#3466=CARTESIAN_POINT('Origin',(-3.,-20.7212950836609,1.81037086855466));
#3467=CARTESIAN_POINT('Origin',(-22.5,-21.9058285412302,-5.36));
#3468=CARTESIAN_POINT('',(-22.5,-18.8,-5.36));
#3469=CARTESIAN_POINT('Origin',(-22.5,-21.9058285412302,-5.36));
#3470=CARTESIAN_POINT('',(-22.5,-18.8,-5.36));
#3471=CARTESIAN_POINT('',(-22.5,-21.0965321537384,-5.36));
#3472=CARTESIAN_POINT('',(-22.5,-18.8,-5.36));
#3473=CARTESIAN_POINT('Origin',(-22.5,-12.5214821291211,-3.67767620683361));
#3474=CARTESIAN_POINT('',(-22.5,-12.5214821291211,-3.67767620683361));
#3475=CARTESIAN_POINT('',(-22.5,-12.5214821291211,-3.67767620683361));
#3476=CARTESIAN_POINT('',(-22.5,-12.0271585448714,-5.36));
#3477=CARTESIAN_POINT('',(-22.5,-12.5214821291211,-3.67767620683361));
#3478=CARTESIAN_POINT('',(-22.5,-12.0271585448714,-5.36));
#3479=CARTESIAN_POINT('Origin',(-22.5,-12.5214821291211,-3.67767620683361));
#3480=CARTESIAN_POINT('',(22.5,-12.0271585448714,-5.36));
#3481=CARTESIAN_POINT('',(-22.5,-12.0271585448714,-5.36));
#3482=CARTESIAN_POINT('',(22.5,-12.5214821291211,-3.67767620683361));
#3483=CARTESIAN_POINT('',(22.5,-12.5214821291211,-3.67767620683361));
#3484=CARTESIAN_POINT('',(-22.5,-12.5214821291211,-3.67767620683361));
#3485=CARTESIAN_POINT('Origin',(-22.5,-5.72315867905884,-2.00344159265885));
#3486=CARTESIAN_POINT('',(-22.5,-9.60124473631765,-2.98346635382297));
#3487=CARTESIAN_POINT('',(-22.5,-9.60124473631765,-2.98346635382297));
#3488=CARTESIAN_POINT('',(-22.5,-9.58686198421511,-3.03871777306893));
#3489=CARTESIAN_POINT('Origin',(-22.5,-5.72315867905884,-2.00344159265885));
#3490=CARTESIAN_POINT('',(-22.5,-9.58686198421511,-3.03871777306893));
#3491=CARTESIAN_POINT('Origin',(-22.5,-9.58686198421511,-3.03871777306893));
#3492=CARTESIAN_POINT('',(-22.5,-9.62370465025385,-2.90121907152605));
#3493=CARTESIAN_POINT('',(-22.5,-9.62370465025385,-2.90121907152605));
#3494=CARTESIAN_POINT('',(-22.5,-9.62370465025385,-2.90121907152605));
#3495=CARTESIAN_POINT('Origin',(-22.5,-9.58686198421511,-3.03871777306893));
#3496=CARTESIAN_POINT('',(22.5,-9.62370465025385,-2.90121907152605));
#3497=CARTESIAN_POINT('',(-22.5,-9.62370465025385,-2.90121907152605));
#3498=CARTESIAN_POINT('',(22.5,-9.58686198421511,-3.03871777306893));
#3499=CARTESIAN_POINT('',(22.5,-9.62370465025385,-2.90121907152605));
#3500=CARTESIAN_POINT('',(-22.5,-9.58686198421511,-3.03871777306893));
#3501=CARTESIAN_POINT('Origin',(-22.5,-12.0271585448714,-5.36));
#3502=CARTESIAN_POINT('',(-22.5,-8.9522659534452,-5.36));
#3503=CARTESIAN_POINT('',(-22.5,-18.8,-5.36));
#3504=CARTESIAN_POINT('',(-22.5,-8.9522659534452,-5.36));
#3505=CARTESIAN_POINT('Origin',(-22.5,-12.0271585448714,-5.36));
#3506=CARTESIAN_POINT('',(22.5,-8.9522659534452,-5.36));
#3507=CARTESIAN_POINT('',(-22.5,-8.9522659534452,-5.36));
#3508=CARTESIAN_POINT('',(22.5,-18.8,-5.36));
#3509=CARTESIAN_POINT('Origin',(-22.5,-9.62370465025385,-2.90121907152605));
#3510=CARTESIAN_POINT('',(-22.5,-9.62370465025385,-2.90121907152605));
#3511=CARTESIAN_POINT('',(-22.5,-9.60124473631765,-2.98346635382297));
#3512=CARTESIAN_POINT('Origin',(-22.5,-9.62370465025385,-2.90121907152605));
#3513=CARTESIAN_POINT('',(22.5,-9.60124473631765,-2.98346635382297));
#3514=CARTESIAN_POINT('',(-22.5,-9.60124473631765,-2.98346635382297));
#3515=CARTESIAN_POINT('',(22.5,-9.62370465025385,-2.90121907152605));
#3516=CARTESIAN_POINT('Origin',(-22.5,-8.9522659534452,-5.36));
#3517=CARTESIAN_POINT('',(-22.5,-9.62370465025385,-2.90121907152605));
#3518=CARTESIAN_POINT('Origin',(-22.5,-8.9522659534452,-5.36));
#3519=CARTESIAN_POINT('',(-22.5,-9.60124473631765,-2.98346635382297));
#3520=CARTESIAN_POINT('',(22.5,-9.62370465025385,-2.90121907152605));
#3521=CARTESIAN_POINT('Origin',(-7.40000000000001,0.,2.175));
#3522=CARTESIAN_POINT('',(-7.40000000000001,-3.93606017042366,2.175));
#3523=CARTESIAN_POINT('',(-14.95,-3.93606017042366,2.175));
#3524=CARTESIAN_POINT('',(-7.40000000000001,5.,2.175));
#3525=CARTESIAN_POINT('',(-7.40000000000001,0.,2.175));
#3526=CARTESIAN_POINT('',(-6.89999999999998,5.,2.175));
#3527=CARTESIAN_POINT('',(-3.7,5.,2.175));
#3528=CARTESIAN_POINT('',(-6.89999999999998,0.,2.175));
#3529=CARTESIAN_POINT('',(-6.89999999999998,0.,2.175));
#3530=CARTESIAN_POINT('',(6.89999999999998,0.,2.175));
#3531=CARTESIAN_POINT('',(6.3,0.,2.175));
#3532=CARTESIAN_POINT('',(6.89999999999998,5.,2.175));
#3533=CARTESIAN_POINT('',(6.89999999999998,0.,2.175));
#3534=CARTESIAN_POINT('',(7.40000000000001,5.,2.175));
#3535=CARTESIAN_POINT('',(-3.7,5.,2.175));
#3536=CARTESIAN_POINT('',(7.40000000000001,-3.93606017042366,2.175));
#3537=CARTESIAN_POINT('',(7.40000000000001,0.,2.175));
#3538=CARTESIAN_POINT('',(-14.95,-3.93606017042366,2.175));
#3539=CARTESIAN_POINT('Origin',(-22.5,-5.72315867905884,-2.00344159265885));
#3540=CARTESIAN_POINT('',(-22.5,-5.72315867905884,1.99655840734116));
#3541=CARTESIAN_POINT('Origin',(-22.5,-5.72315867905884,-2.00344159265885));
#3542=CARTESIAN_POINT('',(-22.5,-5.72315867905884,1.99655840734116));
#3543=CARTESIAN_POINT('Origin',(-22.5,-5.72315867905884,-2.00344159265885));
#3544=CARTESIAN_POINT('',(22.5,-5.72315867905884,1.99655840734116));
#3545=CARTESIAN_POINT('',(-22.5,-5.72315867905884,1.99655840734116));
#3546=CARTESIAN_POINT('Origin',(22.5,-5.72315867905884,-2.00344159265885));
#3547=CARTESIAN_POINT('Origin',(-22.5,-5.72315867905884,1.99655840734116));
#3548=CARTESIAN_POINT('',(-22.5,-4.81097770271814,1.99655840734116));
#3549=CARTESIAN_POINT('',(-22.5,-3.93606017042366,1.99655840734116));
#3550=CARTESIAN_POINT('',(-19.4733900096504,-4.,1.99655840734116));
#3551=CARTESIAN_POINT('',(-40.1649010576189,-9.54427367548282,1.99655840734116));
#3552=CARTESIAN_POINT('',(-8.35204559151726,-4.,1.99655840733863));
#3553=CARTESIAN_POINT('',(-20.9866950048252,-4.,1.99655840734116));
#3554=CARTESIAN_POINT('',(-8.35204559150343,-3.93606017042366,1.99655840734116));
#3555=CARTESIAN_POINT('Ctrl Pts',(-8.35204559150343,-3.93606017042366,1.99655840734116));
#3556=CARTESIAN_POINT('Ctrl Pts',(-8.35204559150343,-3.95737344694911,1.99655840734116));
#3557=CARTESIAN_POINT('Ctrl Pts',(-8.35204559150342,-3.97868672347455,1.99655840734116));
#3558=CARTESIAN_POINT('Ctrl Pts',(-8.35204559150342,-4.,1.99655840734116));
#3559=CARTESIAN_POINT('',(-22.5,-3.93606017042366,1.99655840734116));
#3560=CARTESIAN_POINT('Origin',(-22.5,-5.72315867905884,1.99655840734116));
#3561=CARTESIAN_POINT('',(8.35204559150342,-3.93606017042366,1.99655840734116));
#3562=CARTESIAN_POINT('',(-22.5,-3.93606017042366,1.99655840734116));
#3563=CARTESIAN_POINT('',(8.35204559153698,-4.,1.99655840733502));
#3564=CARTESIAN_POINT('Ctrl Pts',(8.35204559150343,-4.,1.99655840734116));
#3565=CARTESIAN_POINT('Ctrl Pts',(8.35204559150343,-3.97868672347455,1.99655840734116));
#3566=CARTESIAN_POINT('Ctrl Pts',(8.35204559150342,-3.95737344694911,1.99655840734116));
#3567=CARTESIAN_POINT('Ctrl Pts',(8.35204559150342,-3.93606017042366,1.99655840734116));
#3568=CARTESIAN_POINT('',(19.4733900096504,-4.,1.99655840734116));
#3569=CARTESIAN_POINT('',(-20.9866950048252,-4.,1.99655840734116));
#3570=CARTESIAN_POINT('',(22.5,-4.81097770271814,1.99655840734116));
#3571=CARTESIAN_POINT('',(0.107931834292866,1.18895887914575,1.99655840734115));
#3572=CARTESIAN_POINT('',(22.5,-3.93606017042366,1.99655840734116));
#3573=CARTESIAN_POINT('Origin',(-22.5,-3.93606017042366,1.99655840734116));
#3574=CARTESIAN_POINT('Ctrl Pts',(-7.40000000000001,-3.93606017042366,2.175));
#3575=CARTESIAN_POINT('Ctrl Pts',(-7.48016958191332,-3.93606017042366,2.17148382691697));
#3576=CARTESIAN_POINT('Ctrl Pts',(-7.55810422210657,-3.93606017042366,2.165752920899));
#3577=CARTESIAN_POINT('Ctrl Pts',(-7.63382199881363,-3.93606017042366,2.15782950178532));
#3578=CARTESIAN_POINT('Ctrl Pts',(-7.71306990539817,-3.93606017042366,2.14953667538366));
#3579=CARTESIAN_POINT('Ctrl Pts',(-7.78988951059309,-3.93606017042366,2.13884217246585));
#3580=CARTESIAN_POINT('Ctrl Pts',(-7.86433741384947,-3.93606017042366,2.12581661688396));
#3581=CARTESIAN_POINT('Ctrl Pts',(-7.94118713996901,-3.93606017042366,2.11237083352086));
#3582=CARTESIAN_POINT('Ctrl Pts',(-8.01550991181768,-3.93606017042366,2.09644138070707));
#3583=CARTESIAN_POINT('Ctrl Pts',(-8.08740260979886,-3.93606017042366,2.07815081343701));
#3584=CARTESIAN_POINT('Ctrl Pts',(-8.16339711480147,-3.93606017042366,2.05881668570307));
#3585=CARTESIAN_POINT('Ctrl Pts',(-8.23667657603754,-3.93606017042366,2.036844487648));
#3586=CARTESIAN_POINT('Ctrl Pts',(-8.30738992459894,-3.93606017042366,2.0124256648295));
#3587=CARTESIAN_POINT('Ctrl Pts',(-8.32238997540711,-3.93606017042366,2.00724582834311));
#3588=CARTESIAN_POINT('Ctrl Pts',(-8.33727466825849,-3.93606017042366,2.00195605435734));
#3589=CARTESIAN_POINT('Ctrl Pts',(-8.35204559149038,-3.93606017042366,1.99655840734592));
#3590=CARTESIAN_POINT('Origin',(-22.5,-3.93606017042366,1.99655840734116));
#3591=CARTESIAN_POINT('Ctrl Pts',(8.35204559149037,-3.93606017042366,1.99655840734593));
#3592=CARTESIAN_POINT('Ctrl Pts',(8.28327859274913,-3.93606017042366,2.02168750587367));
#3593=CARTESIAN_POINT('Ctrl Pts',(8.21204356419372,-3.93606017042366,2.04447546120354));
#3594=CARTESIAN_POINT('Ctrl Pts',(8.13819070682527,-3.93606017042366,2.0647289534549));
#3595=CARTESIAN_POINT('Ctrl Pts',(8.06782071136427,-3.93606017042366,2.08402730166487));
#3596=CARTESIAN_POINT('Ctrl Pts',(7.99507372848811,-3.93606017042366,2.10102440680861));
#3597=CARTESIAN_POINT('Ctrl Pts',(7.91984707559671,-3.93606017042366,2.11558991408904));
#3598=CARTESIAN_POINT('Ctrl Pts',(7.84698304696741,-3.93606017042366,2.12969796620473));
#3599=CARTESIAN_POINT('Ctrl Pts',(7.77179242766002,-3.93606017042366,2.1415245547438));
#3600=CARTESIAN_POINT('Ctrl Pts',(7.69421127766895,-3.93606017042366,2.15098962975607));
#3601=CARTESIAN_POINT('Ctrl Pts',(7.6195108276323,-3.93606017042366,2.16010325288654));
#3602=CARTESIAN_POINT('Ctrl Pts',(7.54259394691008,-3.93606017042366,2.16702738127355));
#3603=CARTESIAN_POINT('Ctrl Pts',(7.46343375600796,-3.93606017042366,2.171728816139));
#3604=CARTESIAN_POINT('Ctrl Pts',(7.44244671170275,-3.93606017042366,2.17297526616262));
#3605=CARTESIAN_POINT('Ctrl Pts',(7.42130216256981,-3.93606017042366,2.17406570436254));
#3606=CARTESIAN_POINT('Ctrl Pts',(7.40000000000001,-3.93606017042366,2.175));
#3607=CARTESIAN_POINT('Origin',(30.,-14.5851679990272,0.0699858589751073));
#3608=CARTESIAN_POINT('',(31.9411428382689,-7.34072430185917,2.175));
#3609=CARTESIAN_POINT('',(22.5163836658885,-14.089701992303,2.175));
#3610=CARTESIAN_POINT('Origin',(30.,-14.5851679990272,2.175));
#3611=CARTESIAN_POINT('',(31.9411428382689,-7.34072430185917,11.9965584073412));
#3612=CARTESIAN_POINT('',(31.9411428382689,-7.34072430185917,0.0699858589751073));
#3613=CARTESIAN_POINT('',(22.5629411056424,-13.6155520947349,11.9965584073412));
#3614=CARTESIAN_POINT('Origin',(30.,-14.5851679990272,11.9965584073412));
#3615=CARTESIAN_POINT('Origin',(30.,-14.5851679990272,11.7367506088177));
#3616=CARTESIAN_POINT('Origin',(30.,-14.5851679990272,4.02410431051803));
#3617=CARTESIAN_POINT('Origin',(19.4733900096504,-4.,0.));
#3618=CARTESIAN_POINT('',(45.4310914599104,-10.9553451409654,2.175));
#3619=CARTESIAN_POINT('',(25.3043896202413,-5.56241163672402,2.175));
#3620=CARTESIAN_POINT('',(49.0309821921854,-11.9199329555187,0.));
#3621=CARTESIAN_POINT('Ctrl Pts',(45.4310914599104,-10.9553451409654,2.175));
#3622=CARTESIAN_POINT('Ctrl Pts',(45.5092722950341,-10.9762936326003,2.1714500915469));
#3623=CARTESIAN_POINT('Ctrl Pts',(45.5852526678698,-10.9966525121423,2.16564268220689));
#3624=CARTESIAN_POINT('Ctrl Pts',(45.6590507028529,-11.016426636019,2.15760083728391));
#3625=CARTESIAN_POINT('Ctrl Pts',(45.7354379426702,-11.0368945352401,2.14927684414718));
#3626=CARTESIAN_POINT('Ctrl Pts',(45.8094871761642,-11.0567359675549,2.13855900021126));
#3627=CARTESIAN_POINT('Ctrl Pts',(45.8812530968965,-11.0759655880592,2.12551796638751));
#3628=CARTESIAN_POINT('Ctrl Pts',(45.9560579282506,-11.0960094822105,2.11192471312866));
#3629=CARTESIAN_POINT('Ctrl Pts',(46.0283821714489,-11.1153887047687,2.0958075057562));
#3630=CARTESIAN_POINT('Ctrl Pts',(46.0983220917428,-11.1341290499302,2.07729243858214));
#3631=CARTESIAN_POINT('Ctrl Pts',(46.1719907274371,-11.1538685013719,2.05779027540022));
#3632=CARTESIAN_POINT('Ctrl Pts',(46.2430142871377,-11.1728992068373,2.0356279527734));
#3633=CARTESIAN_POINT('Ctrl Pts',(46.3115391617912,-11.1912603916621,2.01100034883497));
#3634=CARTESIAN_POINT('Ctrl Pts',(46.3849608888018,-11.2109336841215,1.98461283302501));
#3635=CARTESIAN_POINT('Ctrl Pts',(46.4555144319194,-11.2298384490231,1.95539536461248));
#3636=CARTESIAN_POINT('Ctrl Pts',(46.5234129261864,-11.2480317957292,1.92363749075378));
#3637=CARTESIAN_POINT('Ctrl Pts',(46.5992725020375,-11.2683583078166,1.8881560140751));
#3638=CARTESIAN_POINT('Ctrl Pts',(46.6718181831988,-11.2877968644982,1.84950341762536));
#3639=CARTESIAN_POINT('Ctrl Pts',(46.7413809839542,-11.3064361607838,1.80814127849528));
#3640=CARTESIAN_POINT('Ctrl Pts',(46.8151645804414,-11.3262064158773,1.76426944828888));
#3641=CARTESIAN_POINT('Ctrl Pts',(46.8855928667632,-11.3450776183215,1.71734964844324));
#3642=CARTESIAN_POINT('Ctrl Pts',(46.9530908794075,-11.3631636563002,1.66799216794809));
#3643=CARTESIAN_POINT('Ctrl Pts',(47.0278319671844,-11.3831904704115,1.61333823611202));
#3644=CARTESIAN_POINT('Ctrl Pts',(47.0989810334155,-11.4022548052503,1.55569577459064));
#3645=CARTESIAN_POINT('Ctrl Pts',(47.1671399720924,-11.4205179378258,1.4959590223745));
#3646=CARTESIAN_POINT('Ctrl Pts',(47.2452222561642,-11.441440022786,1.42752512145677));
#3647=CARTESIAN_POINT('Ctrl Pts',(47.3193825839338,-11.4613112227223,1.35634390780924));
#3648=CARTESIAN_POINT('Ctrl Pts',(47.3905317165471,-11.4803755753482,1.28383004266986));
#3649=CARTESIAN_POINT('Ctrl Pts',(47.4660130664626,-11.5006007421017,1.2069008626887));
#3650=CARTESIAN_POINT('Ctrl Pts',(47.5381072842405,-11.5199183295342,1.12847398677269));
#3651=CARTESIAN_POINT('Ctrl Pts',(47.6078715373258,-11.538611604809,1.05028212813689));
#3652=CARTESIAN_POINT('Ctrl Pts',(47.6695731348865,-11.5551444980471,0.981126903495326));
#3653=CARTESIAN_POINT('Ctrl Pts',(47.7294524708288,-11.5711891177561,0.912157367204569));
#3654=CARTESIAN_POINT('Ctrl Pts',(47.7882052966349,-11.5869318899839,0.844576120167723));
#3655=CARTESIAN_POINT('Ctrl Pts',(47.8420025927574,-11.6013468320349,0.78269503939765));
#3656=CARTESIAN_POINT('Ctrl Pts',(47.8948555092409,-11.6155087283243,0.721978814111858));
#3657=CARTESIAN_POINT('Ctrl Pts',(47.9472638826184,-11.6295515096474,0.663336959126789));
#3658=CARTESIAN_POINT('Ctrl Pts',(47.9957410344827,-11.6425409233408,0.609093907367954));
#3659=CARTESIAN_POINT('Ctrl Pts',(48.0438378100683,-11.6554284155175,0.556626549580247));
#3660=CARTESIAN_POINT('Ctrl Pts',(48.091918577377,-11.6683116182894,0.506630910198752));
#3661=CARTESIAN_POINT('Ctrl Pts',(48.1372101347393,-11.6804474545086,0.459535564270162));
#3662=CARTESIAN_POINT('Ctrl Pts',(48.1824874775693,-11.6925794819553,0.414634049925297));
#3663=CARTESIAN_POINT('Ctrl Pts',(48.2280265196872,-11.7047816315148,0.372476259454116));
#3664=CARTESIAN_POINT('Ctrl Pts',(48.2714806135574,-11.7164251208752,0.332248610840997));
#3665=CARTESIAN_POINT('Ctrl Pts',(48.3151729974113,-11.7281324598442,0.294519602476108));
#3666=CARTESIAN_POINT('Ctrl Pts',(48.3593164789957,-11.7399606700859,0.259730271740234));
#3667=CARTESIAN_POINT('Ctrl Pts',(48.4015638255305,-11.7512808124722,0.226435278718377));
#3668=CARTESIAN_POINT('Ctrl Pts',(48.4442243415304,-11.7627116632831,0.1958331255295));
#3669=CARTESIAN_POINT('Ctrl Pts',(48.4874593633196,-11.7742964524563,0.168271259023539));
#3670=CARTESIAN_POINT('Ctrl Pts',(48.5299510827861,-11.7856820743723,0.141183239841952));
#3671=CARTESIAN_POINT('Ctrl Pts',(48.5729979309577,-11.7972164425766,0.117032708580369));
#3672=CARTESIAN_POINT('Ctrl Pts',(48.6167265915295,-11.8089335018629,0.0961025662027003));
#3673=CARTESIAN_POINT('Ctrl Pts',(48.6559292766713,-11.8194378296878,0.0773387218298141));
#3674=CARTESIAN_POINT('Ctrl Pts',(48.6956797396299,-11.8300889341363,0.0611630199204939));
#3675=CARTESIAN_POINT('Ctrl Pts',(48.7360484662715,-11.8409057018394,0.0477376348814111));
#3676=CARTESIAN_POINT('Ctrl Pts',(48.7752096924867,-11.8513989207784,0.0347138269914931));
#3677=CARTESIAN_POINT('Ctrl Pts',(48.8149527969847,-11.8620480535333,0.0242785611138727));
#3678=CARTESIAN_POINT('Ctrl Pts',(48.8553221282602,-11.8728649832476,0.0165364490567003));
#3679=CARTESIAN_POINT('Ctrl Pts',(48.8941885955232,-11.8832792217633,0.00908255930157781));
#3680=CARTESIAN_POINT('Ctrl Pts',(48.933635534249,-11.8938489971388,0.00412518786575551));
#3681=CARTESIAN_POINT('Ctrl Pts',(48.9736833817433,-11.9045797855335,0.00171369482417574));
#3682=CARTESIAN_POINT('Ctrl Pts',(48.9926483174861,-11.9096614247503,0.000571715580867789));
#3683=CARTESIAN_POINT('Ctrl Pts',(49.0117477270677,-11.9147790961236,-5.01033732092017E-17));
#3684=CARTESIAN_POINT('Ctrl Pts',(49.0309821921854,-11.9199329555187,2.77555756156289E-17));
#3685=CARTESIAN_POINT('',(57.6017568711526,-14.2164651092571,0.));
#3686=CARTESIAN_POINT('',(19.4733900096504,-4.,0.));
#3687=CARTESIAN_POINT('',(57.6017568711526,-14.2164651092571,12.));
#3688=CARTESIAN_POINT('',(57.6017568711526,-14.2164651092571,0.));
#3689=CARTESIAN_POINT('',(19.4733900096504,-4.,12.));
#3690=CARTESIAN_POINT('',(19.4733900096504,-4.,12.));
#3691=CARTESIAN_POINT('',(19.4733900096504,-4.,11.9965584073412));
#3692=CARTESIAN_POINT('',(19.4733900096504,-4.,0.));
#3693=CARTESIAN_POINT('',(-0.115455479286531,1.2488153294187,11.9965584073412));
#3694=CARTESIAN_POINT('Origin',(19.4733900096504,-4.,0.));
#3695=CARTESIAN_POINT('',(31.1353892308322,-7.12482327344804,2.175));
#3696=CARTESIAN_POINT('',(22.5,-4.81097770271814,2.175));
#3697=CARTESIAN_POINT('',(25.3043896202413,-5.56241163672402,2.175));
#3698=CARTESIAN_POINT('',(22.5,-4.81097770271814,0.0699858589751073));
#3699=CARTESIAN_POINT('',(19.4733900096504,-4.,0.));
#3700=CARTESIAN_POINT('',(19.4733900096504,-4.,0.));
#3701=CARTESIAN_POINT('',(27.5354984985572,-6.16023545889467,0.));
#3702=CARTESIAN_POINT('',(19.4733900096504,-4.,0.));
#3703=CARTESIAN_POINT('Ctrl Pts',(27.5354984985572,-6.16023545889467,0.));
#3704=CARTESIAN_POINT('Ctrl Pts',(27.5762282002032,-6.17114894955867,-1.63010799133309E-16));
#3705=CARTESIAN_POINT('Ctrl Pts',(27.6163509683323,-6.18189981287697,0.00256679263207636));
#3706=CARTESIAN_POINT('Ctrl Pts',(27.6558778337192,-6.19249100453672,0.00767335687604647));
#3707=CARTESIAN_POINT('Ctrl Pts',(27.6966945591671,-6.20342781315817,0.0129465610294229));
#3708=CARTESIAN_POINT('Ctrl Pts',(27.7368758741392,-6.21419436405577,0.0209278065871918));
#3709=CARTESIAN_POINT('Ctrl Pts',(27.7764561291953,-6.22479986143428,0.031535193621369));
#3710=CARTESIAN_POINT('Ctrl Pts',(27.8175709637595,-6.2358165481527,0.0425538432599327));
#3711=CARTESIAN_POINT('Ctrl Pts',(27.8580372441916,-6.24665945531515,0.0564059836987768));
#3712=CARTESIAN_POINT('Ctrl Pts',(27.8979168128565,-6.25734515353343,0.0729476989479762));
#3713=CARTESIAN_POINT('Ctrl Pts',(27.9396972229309,-6.26854018067231,0.0902778674924756));
#3714=CARTESIAN_POINT('Ctrl Pts',(27.9808336706221,-6.27956265861065,0.110559811710037));
#3715=CARTESIAN_POINT('Ctrl Pts',(28.0214222280829,-6.29043832980422,0.133576023901263));
#3716=CARTESIAN_POINT('Ctrl Pts',(28.0644866804295,-6.30197741503298,0.15799622099905));
#3717=CARTESIAN_POINT('Ctrl Pts',(28.1069343657266,-6.3133512380289,0.185494012496371));
#3718=CARTESIAN_POINT('Ctrl Pts',(28.1489074458983,-6.32459789096474,0.215757982855462));
#3719=CARTESIAN_POINT('Ctrl Pts',(28.195007196454,-6.33695028189742,0.248997418195304));
#3720=CARTESIAN_POINT('Ctrl Pts',(28.2405342012391,-6.34914920606339,0.28557361606945));
#3721=CARTESIAN_POINT('Ctrl Pts',(28.2857106030967,-6.36125418645808,0.32501865869351));
#3722=CARTESIAN_POINT('Ctrl Pts',(28.3324576619402,-6.37378002312374,0.365835094992394));
#3723=CARTESIAN_POINT('Ctrl Pts',(28.3788293902422,-6.3862052902739,0.409722751392997));
#3724=CARTESIAN_POINT('Ctrl Pts',(28.4251074362561,-6.3986054553306,0.456111827939221));
#3725=CARTESIAN_POINT('Ctrl Pts',(28.4745721322206,-6.41185948066814,0.505695199863474));
#3726=CARTESIAN_POINT('Ctrl Pts',(28.5239297339236,-6.4250848101848,0.558135714974556));
#3727=CARTESIAN_POINT('Ctrl Pts',(28.5735642838793,-6.43838434776212,0.61268898286273));
#3728=CARTESIAN_POINT('Ctrl Pts',(28.6275177273222,-6.45284112936151,0.671989140842482));
#3729=CARTESIAN_POINT('Ctrl Pts',(28.6817983209062,-6.46738557057704,0.733784592375305));
#3730=CARTESIAN_POINT('Ctrl Pts',(28.7369467440042,-6.48216254600999,0.797077546126612));
#3731=CARTESIAN_POINT('Ctrl Pts',(28.7971841723932,-6.49830311630096,0.866211068990006));
#3732=CARTESIAN_POINT('Ctrl Pts',(28.8584571120548,-6.51472115100115,0.937129938333107));
#3733=CARTESIAN_POINT('Ctrl Pts',(28.9215245369095,-6.53162001655968,1.00850734489177));
#3734=CARTESIAN_POINT('Ctrl Pts',(28.9905557785963,-6.55011688202219,1.08663438138458));
#3735=CARTESIAN_POINT('Ctrl Pts',(29.0617375294632,-6.56918997468281,1.16530841862382));
#3736=CARTESIAN_POINT('Ctrl Pts',(29.1361218782559,-6.58912120087132,1.24278797003889));
#3737=CARTESIAN_POINT('Ctrl Pts',(29.2036470647132,-6.60721452005131,1.31312294293097));
#3738=CARTESIAN_POINT('Ctrl Pts',(29.2738130579638,-6.62601544127894,1.38247205301013));
#3739=CARTESIAN_POINT('Ctrl Pts',(29.3474328630459,-6.64574180859762,1.44955892823429));
#3740=CARTESIAN_POINT('Ctrl Pts',(29.4115752742513,-6.6629287158807,1.50800942171656));
#3741=CARTESIAN_POINT('Ctrl Pts',(29.4783409023676,-6.68081851201661,1.56474188102036));
#3742=CARTESIAN_POINT('Ctrl Pts',(29.5482689946749,-6.69955568787862,1.61894655241572));
#3743=CARTESIAN_POINT('Ctrl Pts',(29.6121081699202,-6.71666134333105,1.66843140753104));
#3744=CARTESIAN_POINT('Ctrl Pts',(29.6785837480588,-6.73447342080969,1.71580912042311));
#3745=CARTESIAN_POINT('Ctrl Pts',(29.7480937885741,-6.7530985800316,1.76050204445247));
#3746=CARTESIAN_POINT('Ctrl Pts',(29.8133341067573,-6.77057967060276,1.80244966184133));
#3747=CARTESIAN_POINT('Ctrl Pts',(29.8812479648296,-6.7887771340281,1.84203192483892));
#3748=CARTESIAN_POINT('Ctrl Pts',(29.9521457001123,-6.8077741249423,1.87881131315251));
#3749=CARTESIAN_POINT('Ctrl Pts',(30.0190075878441,-6.82568971376446,1.91349703791456));
#3750=CARTESIAN_POINT('Ctrl Pts',(30.0885235848966,-6.84431646903572,1.94568975098655));
#3751=CARTESIAN_POINT('Ctrl Pts',(30.1609321228186,-6.86371827829703,1.9750620686581));
#3752=CARTESIAN_POINT('Ctrl Pts',(30.2305694507529,-6.88237754408009,2.00331025287209));
#3753=CARTESIAN_POINT('Ctrl Pts',(30.302882746587,-6.90175383330088,2.02894923089263));
#3754=CARTESIAN_POINT('Ctrl Pts',(30.3780566878014,-6.92189663014114,2.05173114047174));
#3755=CARTESIAN_POINT('Ctrl Pts',(30.4455383962587,-6.93997829942615,2.0721818732055));
#3756=CARTESIAN_POINT('Ctrl Pts',(30.5153252899851,-6.95867764124241,2.09033047217056));
#3757=CARTESIAN_POINT('Ctrl Pts',(30.5875249689488,-6.97802348691451,2.10603506100314));
#3758=CARTESIAN_POINT('Ctrl Pts',(30.6573773338321,-6.9967403716744,2.12122907135363));
#3759=CARTESIAN_POINT('Ctrl Pts',(30.7294883817358,-7.01606246872555,2.13413519196249));
#3760=CARTESIAN_POINT('Ctrl Pts',(30.8039276617092,-7.03600841367957,2.14466302238817));
#3761=CARTESIAN_POINT('Ctrl Pts',(30.8753980293711,-7.05515884097735,2.15477096420967));
#3762=CARTESIAN_POINT('Ctrl Pts',(30.9490147394429,-7.07488437899052,2.16268645226348));
#3763=CARTESIAN_POINT('Ctrl Pts',(31.0248107353248,-7.09519385487659,2.16836722822064));
#3764=CARTESIAN_POINT('Ctrl Pts',(31.0611688862775,-7.10493599206265,2.17109220738841));
#3765=CARTESIAN_POINT('Ctrl Pts',(31.0980280414931,-7.11481237293636,2.17330356376159));
#3766=CARTESIAN_POINT('Ctrl Pts',(31.1353892308322,-7.12482327344804,2.175));
#3767=CARTESIAN_POINT('Origin',(22.5,-20.2544903067279,0.139971717950215));
#3768=CARTESIAN_POINT('',(22.5,-14.089701992303,2.175));
#3769=CARTESIAN_POINT('',(22.5,-11.7578051375098,2.175));
#3770=CARTESIAN_POINT('',(22.5,-12.5214821291211,-3.67767620683361));
#3771=CARTESIAN_POINT('Origin',(22.5,-5.72315867905884,-2.00344159265885));
#3772=CARTESIAN_POINT('Origin',(-30.,-14.5851679990272,0.0699858589751073));
#3773=CARTESIAN_POINT('',(-22.5,-14.5851679990272,4.02410431051804));
#3774=CARTESIAN_POINT('',(-22.5163836658885,-14.089701992303,2.175));
#3775=CARTESIAN_POINT('Origin',(-30.,-14.5851679990272,4.02410431051804));
#3776=CARTESIAN_POINT('',(-22.5,-14.5851679990272,0.0699858589751073));
#3777=CARTESIAN_POINT('',(-31.9411428382689,-7.34072430185917,11.9965584073412));
#3778=CARTESIAN_POINT('Origin',(-30.,-14.5851679990272,11.9965584073412));
#3779=CARTESIAN_POINT('',(-31.9411428382689,-7.34072430185917,2.175));
#3780=CARTESIAN_POINT('',(-31.9411428382689,-7.34072430185917,0.0699858589751073));
#3781=CARTESIAN_POINT('Origin',(-30.,-14.5851679990272,2.175));
#3782=CARTESIAN_POINT('Origin',(-57.6017568711526,-14.2164651092571,0.));
#3783=CARTESIAN_POINT('',(-19.4733900096504,-4.,11.9965584073412));
#3784=CARTESIAN_POINT('',(-39.9415137440395,-9.48441722520986,11.9965584073412));
#3785=CARTESIAN_POINT('',(-19.4733900096504,-4.,12.));
#3786=CARTESIAN_POINT('',(-19.4733900096504,-4.,0.));
#3787=CARTESIAN_POINT('',(-57.6017568711526,-14.2164651092571,12.));
#3788=CARTESIAN_POINT('',(-19.4733900096504,-4.,12.));
#3789=CARTESIAN_POINT('',(-57.6017568711526,-14.2164651092571,0.));
#3790=CARTESIAN_POINT('',(-57.6017568711526,-14.2164651092571,0.));
#3791=CARTESIAN_POINT('',(-49.0309821921854,-11.9199329555187,0.));
#3792=CARTESIAN_POINT('',(-19.4733900096504,-4.,0.));
#3793=CARTESIAN_POINT('',(-45.4310914599104,-10.9553451409653,2.175));
#3794=CARTESIAN_POINT('Ctrl Pts',(-49.0309821921854,-11.9199329555187,0.));
#3795=CARTESIAN_POINT('Ctrl Pts',(-48.9902524905394,-11.9090194648547,-1.63010799133239E-16));
#3796=CARTESIAN_POINT('Ctrl Pts',(-48.9501297224103,-11.8982686015364,0.00256679263207414));
#3797=CARTESIAN_POINT('Ctrl Pts',(-48.9106028570234,-11.8876774098767,0.00767335687603987));
#3798=CARTESIAN_POINT('Ctrl Pts',(-48.8697861315756,-11.8767406012552,0.0129465610294108));
#3799=CARTESIAN_POINT('Ctrl Pts',(-48.8296048166035,-11.8659740503576,0.0209278065871709));
#3800=CARTESIAN_POINT('Ctrl Pts',(-48.7900245615474,-11.8553685529791,0.0315351936213361));
#3801=CARTESIAN_POINT('Ctrl Pts',(-48.7489097269832,-11.8443518662607,0.0425538432598878));
#3802=CARTESIAN_POINT('Ctrl Pts',(-48.7084434465512,-11.8335089590983,0.0564059836987166));
#3803=CARTESIAN_POINT('Ctrl Pts',(-48.6685638778862,-11.82282326088,0.0729476989478978));
#3804=CARTESIAN_POINT('Ctrl Pts',(-48.6267834678119,-11.8116282337411,0.0902778674923724));
#3805=CARTESIAN_POINT('Ctrl Pts',(-48.5856470201207,-11.8006057558028,0.110559811709904));
#3806=CARTESIAN_POINT('Ctrl Pts',(-48.5450584626599,-11.7897300846092,0.133576023901095));
#3807=CARTESIAN_POINT('Ctrl Pts',(-48.5019940103138,-11.7781909993806,0.157996220998573));
#3808=CARTESIAN_POINT('Ctrl Pts',(-48.4595463250172,-11.7668171763848,0.18549401249551));
#3809=CARTESIAN_POINT('Ctrl Pts',(-48.4175732448461,-11.7555705234491,0.215757982854155));
#3810=CARTESIAN_POINT('Ctrl Pts',(-48.3714734942903,-11.7432181325164,0.248997418193937));
#3811=CARTESIAN_POINT('Ctrl Pts',(-48.3259464895052,-11.7310192083505,0.285573616068035));
#3812=CARTESIAN_POINT('Ctrl Pts',(-48.2807700876476,-11.7189142279558,0.325018658692057));
#3813=CARTESIAN_POINT('Ctrl Pts',(-48.2340230288041,-11.7063883912901,0.365835094990792));
#3814=CARTESIAN_POINT('Ctrl Pts',(-48.1876513005021,-11.69396312414,0.409722751391242));
#3815=CARTESIAN_POINT('Ctrl Pts',(-48.1413732544884,-11.6815629590833,0.456111827937311));
#3816=CARTESIAN_POINT('Ctrl Pts',(-48.0919085585241,-11.6683089337458,0.505695199861319));
#3817=CARTESIAN_POINT('Ctrl Pts',(-48.0425509568212,-11.6550836042292,0.558135714972146));
#3818=CARTESIAN_POINT('Ctrl Pts',(-47.9929164068657,-11.6417840666519,0.612688982860062));
#3819=CARTESIAN_POINT('Ctrl Pts',(-47.9389629634251,-11.6273272850531,0.671989140837259));
#3820=CARTESIAN_POINT('Ctrl Pts',(-47.8846823698433,-11.6127828438382,0.733784592367333));
#3821=CARTESIAN_POINT('Ctrl Pts',(-47.8295339467478,-11.5980058684059,0.797077546115823));
#3822=CARTESIAN_POINT('Ctrl Pts',(-47.7692965183592,-11.5818652981151,0.866211068978653));
#3823=CARTESIAN_POINT('Ctrl Pts',(-47.7080235786981,-11.565447263415,0.937129938321241));
#3824=CARTESIAN_POINT('Ctrl Pts',(-47.6449561538439,-11.5485483978566,1.00850734487946));
#3825=CARTESIAN_POINT('Ctrl Pts',(-47.5759249121567,-11.530051532394,1.08663438137291));
#3826=CARTESIAN_POINT('Ctrl Pts',(-47.5047431612894,-11.5109784397333,1.16530841861288));
#3827=CARTESIAN_POINT('Ctrl Pts',(-47.4303588124964,-11.4910472135447,1.24278797002875));
#3828=CARTESIAN_POINT('Ctrl Pts',(-47.3628336260388,-11.4729538943646,1.31312294292147));
#3829=CARTESIAN_POINT('Ctrl Pts',(-47.2926676327879,-11.4541529731369,1.38247205300133));
#3830=CARTESIAN_POINT('Ctrl Pts',(-47.2190478277055,-11.4344266058181,1.4495589282262));
#3831=CARTESIAN_POINT('Ctrl Pts',(-47.1549054165,-11.417239698535,1.50800942170892));
#3832=CARTESIAN_POINT('Ctrl Pts',(-47.0881397883837,-11.3993499023991,1.5647418810132));
#3833=CARTESIAN_POINT('Ctrl Pts',(-47.0182116960762,-11.3806127265371,1.61894655240905));
#3834=CARTESIAN_POINT('Ctrl Pts',(-46.9543725208309,-11.3635070710846,1.66843140752479));
#3835=CARTESIAN_POINT('Ctrl Pts',(-46.8878969426922,-11.345694993606,1.7158091204173));
#3836=CARTESIAN_POINT('Ctrl Pts',(-46.8183869021769,-11.327069834384,1.76050204444709));
#3837=CARTESIAN_POINT('Ctrl Pts',(-46.7531465839935,-11.3095887438129,1.80244966183634));
#3838=CARTESIAN_POINT('Ctrl Pts',(-46.6852327259212,-11.2913912803875,1.84203192483431));
#3839=CARTESIAN_POINT('Ctrl Pts',(-46.6143349906384,-11.2723942894733,1.87881131314828));
#3840=CARTESIAN_POINT('Ctrl Pts',(-46.5474731029065,-11.2544787006511,1.9134970379107));
#3841=CARTESIAN_POINT('Ctrl Pts',(-46.4779571058539,-11.2358519453798,1.94568975098304));
#3842=CARTESIAN_POINT('Ctrl Pts',(-46.4055485679318,-11.2164501361184,1.97506206865495));
#3843=CARTESIAN_POINT('Ctrl Pts',(-46.335911239997,-11.1977908703353,2.00331025286939));
#3844=CARTESIAN_POINT('Ctrl Pts',(-46.2635979441624,-11.1784145811143,2.02894923089034));
#3845=CARTESIAN_POINT('Ctrl Pts',(-46.1884240029474,-11.1582717842739,2.05173114046983));
#3846=CARTESIAN_POINT('Ctrl Pts',(-46.1209422944903,-11.140190114989,2.07218187320373));
#3847=CARTESIAN_POINT('Ctrl Pts',(-46.051155400764,-11.1214907731727,2.09033047216894));
#3848=CARTESIAN_POINT('Ctrl Pts',(-45.9789557218005,-11.1021449275007,2.10603506100168));
#3849=CARTESIAN_POINT('Ctrl Pts',(-45.9091033569173,-11.0834280427408,2.12122907135231));
#3850=CARTESIAN_POINT('Ctrl Pts',(-45.8369923090138,-11.0641059456897,2.13413519196132));
#3851=CARTESIAN_POINT('Ctrl Pts',(-45.7625530290406,-11.0441600007357,2.14466302238714));
#3852=CARTESIAN_POINT('Ctrl Pts',(-45.6910826613788,-11.025009573438,2.15477096420879));
#3853=CARTESIAN_POINT('Ctrl Pts',(-45.6174659513073,-11.0052840354249,2.16268645226275));
#3854=CARTESIAN_POINT('Ctrl Pts',(-45.5416699554256,-10.9849745595389,2.16836722822005));
#3855=CARTESIAN_POINT('Ctrl Pts',(-45.5053118044703,-10.9752324223521,2.17109220738809));
#3856=CARTESIAN_POINT('Ctrl Pts',(-45.4684526492521,-10.9653560414777,2.17330356376147));
#3857=CARTESIAN_POINT('Ctrl Pts',(-45.4310914599104,-10.9553451409653,2.175));
#3858=CARTESIAN_POINT('',(-51.5164241655315,-12.5859051251112,2.175));
#3859=CARTESIAN_POINT('Origin',(-22.5,-20.2544903067279,0.139971717950215));
#3860=CARTESIAN_POINT('',(-22.5,-23.3212662860794,11.9965584073412));
#3861=CARTESIAN_POINT('',(-22.5,-15.7368724382945,8.32232379316639));
#3862=CARTESIAN_POINT('',(-22.5,-12.5214821291211,-3.67767620683361));
#3863=CARTESIAN_POINT('',(-22.5,-22.0153903091735,6.64));
#3864=CARTESIAN_POINT('',(-22.5,-22.0153903091735,6.64));
#3865=CARTESIAN_POINT('',(-22.5,-18.8,-5.36));
#3866=CARTESIAN_POINT('Origin',(-22.5,-13.6155520947349,11.9965584073412));
#3867=CARTESIAN_POINT('',(-22.5,-13.6155520947349,11.9965584073412));
#3868=CARTESIAN_POINT('Origin',(-22.5,-3.93606017042366,11.9965584073412));
#3869=CARTESIAN_POINT('',(-20.9866950048252,-4.,11.9965584073412));
#3870=CARTESIAN_POINT('Origin',(-22.5,-5.72315867905884,-2.00344159265885));
#3871=CARTESIAN_POINT('Origin',(-22.5,-15.7368724382945,8.32232379316639));
#3872=CARTESIAN_POINT('',(4.83533270562113,-14.089701992303,2.175));
#3873=CARTESIAN_POINT('',(-22.5,-15.7368724382945,8.32232379316639));
#3874=CARTESIAN_POINT('',(-22.5,-14.089701992303,2.175));
#3875=CARTESIAN_POINT('',(-34.4831838201602,-14.089701992303,2.175));
#3876=CARTESIAN_POINT('',(-22.5,-12.5214821291211,-3.67767620683361));
#3877=CARTESIAN_POINT('Origin',(-22.5,-22.0153903091735,6.64));
#3878=CARTESIAN_POINT('',(-22.5,-22.0153903091735,6.64));
#3879=CARTESIAN_POINT('Origin',(-22.5,-18.8,-5.36));
#3880=CARTESIAN_POINT('Origin',(-22.5,-20.2544903067279,0.139971717950215));
#3881=CARTESIAN_POINT('',(-22.5,-4.81097770271814,2.175));
#3882=CARTESIAN_POINT('',(-22.5,-13.6730660712685,2.175));
#3883=CARTESIAN_POINT('',(-22.5,-4.81097770271814,0.0699858589751073));
#3884=CARTESIAN_POINT('Origin',(-57.6017568711526,-14.2164651092571,0.));
#3885=CARTESIAN_POINT('',(-31.1353892308322,-7.12482327344804,2.175));
#3886=CARTESIAN_POINT('',(-51.5164241655315,-12.5859051251112,2.175));
#3887=CARTESIAN_POINT('',(-27.5354984985572,-6.16023545889467,0.));
#3888=CARTESIAN_POINT('Ctrl Pts',(-31.1353892308322,-7.12482327344804,2.175));
#3889=CARTESIAN_POINT('Ctrl Pts',(-31.0572083957084,-7.10387478181303,2.17145009154689));
#3890=CARTESIAN_POINT('Ctrl Pts',(-30.9812280228726,-7.08351590227106,2.16564268220687));
#3891=CARTESIAN_POINT('Ctrl Pts',(-30.9074299878894,-7.0637417783943,2.15760083728388));
#3892=CARTESIAN_POINT('Ctrl Pts',(-30.831042748072,-7.04327387917321,2.14927684414713));
#3893=CARTESIAN_POINT('Ctrl Pts',(-30.756993514578,-7.02343244685833,2.13855900021119));
#3894=CARTESIAN_POINT('Ctrl Pts',(-30.6852275938456,-7.00420282635402,2.12551796638743));
#3895=CARTESIAN_POINT('Ctrl Pts',(-30.6104227624914,-6.9841589322027,2.11192471312855));
#3896=CARTESIAN_POINT('Ctrl Pts',(-30.538098519293,-6.96477970964451,2.09580750575606));
#3897=CARTESIAN_POINT('Ctrl Pts',(-30.4681585989991,-6.94603936448306,2.07729243858196));
#3898=CARTESIAN_POINT('Ctrl Pts',(-30.3944899633048,-6.92629991304126,2.05779027540001));
#3899=CARTESIAN_POINT('Ctrl Pts',(-30.3234664036041,-6.90726920757587,2.03562795277315));
#3900=CARTESIAN_POINT('Ctrl Pts',(-30.2549415289506,-6.88890802275103,2.01100034883469));
#3901=CARTESIAN_POINT('Ctrl Pts',(-30.1815198019404,-6.86923473029175,1.98461283302486));
#3902=CARTESIAN_POINT('Ctrl Pts',(-30.1109662588232,-6.85032996539036,1.9553953646125));
#3903=CARTESIAN_POINT('Ctrl Pts',(-30.0430677645566,-6.83213661868433,1.92363749075401));
#3904=CARTESIAN_POINT('Ctrl Pts',(-29.9672081887056,-6.81181010659686,1.88815601407534));
#3905=CARTESIAN_POINT('Ctrl Pts',(-29.8946625075442,-6.7923715499153,1.8495034176256));
#3906=CARTESIAN_POINT('Ctrl Pts',(-29.8250997067888,-6.77373225362965,1.80814127849553));
#3907=CARTESIAN_POINT('Ctrl Pts',(-29.7513161103016,-6.75396199853625,1.76426944828918));
#3908=CARTESIAN_POINT('Ctrl Pts',(-29.6808878239799,-6.73509079609204,1.71734964844359));
#3909=CARTESIAN_POINT('Ctrl Pts',(-29.6133898113356,-6.7170047581133,1.66799216794851));
#3910=CARTESIAN_POINT('Ctrl Pts',(-29.5386487235588,-6.69697794400208,1.61333823611253));
#3911=CARTESIAN_POINT('Ctrl Pts',(-29.4674996573278,-6.67791360916324,1.55569577459126));
#3912=CARTESIAN_POINT('Ctrl Pts',(-29.399340718651,-6.65965047658784,1.49595902237522));
#3913=CARTESIAN_POINT('Ctrl Pts',(-29.3212584345798,-6.63872839162778,1.42752512145807));
#3914=CARTESIAN_POINT('Ctrl Pts',(-29.2470981068107,-6.61885719169163,1.35634390781115));
#3915=CARTESIAN_POINT('Ctrl Pts',(-29.1759489741979,-6.59979283906586,1.28383004267239));
#3916=CARTESIAN_POINT('Ctrl Pts',(-29.1004676242822,-6.57956767231234,1.20690086269116));
#3917=CARTESIAN_POINT('Ctrl Pts',(-29.0283734065043,-6.56025008487978,1.12847398677505));
#3918=CARTESIAN_POINT('Ctrl Pts',(-28.9586091534187,-6.54155680960495,1.05028212813914));
#3919=CARTESIAN_POINT('Ctrl Pts',(-28.8969075558579,-6.52502391636682,0.981126903497468));
#3920=CARTESIAN_POINT('Ctrl Pts',(-28.8370282199155,-6.50897929665775,0.912157367206593));
#3921=CARTESIAN_POINT('Ctrl Pts',(-28.7782753941094,-6.49323652442993,0.844576120169621));
#3922=CARTESIAN_POINT('Ctrl Pts',(-28.7244780979859,-6.47882158237868,0.782695039398569));
#3923=CARTESIAN_POINT('Ctrl Pts',(-28.6716251815016,-6.46465968608908,0.721978814111825));
#3924=CARTESIAN_POINT('Ctrl Pts',(-28.6192168081233,-6.45061690476574,0.663336959125872));
#3925=CARTESIAN_POINT('Ctrl Pts',(-28.5707396562591,-6.43762749107236,0.609093907367089));
#3926=CARTESIAN_POINT('Ctrl Pts',(-28.5226428806735,-6.42473999889565,0.556626549579435));
#3927=CARTESIAN_POINT('Ctrl Pts',(-28.4745621133648,-6.41185679612383,0.506630910197994));
#3928=CARTESIAN_POINT('Ctrl Pts',(-28.4292705560026,-6.39972095990466,0.45953556426952));
#3929=CARTESIAN_POINT('Ctrl Pts',(-28.3839932131727,-6.38758893245798,0.414634049924764));
#3930=CARTESIAN_POINT('Ctrl Pts',(-28.3384541710549,-6.37538678289843,0.372476259453684));
#3931=CARTESIAN_POINT('Ctrl Pts',(-28.2950000771848,-6.3637432935381,0.332248610840692));
#3932=CARTESIAN_POINT('Ctrl Pts',(-28.2513076933311,-6.3520359545691,0.294519602475917));
#3933=CARTESIAN_POINT('Ctrl Pts',(-28.2071642117468,-6.3402077443275,0.259730271740143));
#3934=CARTESIAN_POINT('Ctrl Pts',(-28.1649168652123,-6.32888760194123,0.226435278718559));
#3935=CARTESIAN_POINT('Ctrl Pts',(-28.1222563492127,-6.31745675113044,0.195833125529913));
#3936=CARTESIAN_POINT('Ctrl Pts',(-28.0790213274239,-6.30587196195738,0.168271259024131));
#3937=CARTESIAN_POINT('Ctrl Pts',(-28.0365296079574,-6.29448634004132,0.141183239842452));
#3938=CARTESIAN_POINT('Ctrl Pts',(-27.9934827597857,-6.282951971837,0.117032708580786));
#3939=CARTESIAN_POINT('Ctrl Pts',(-27.9497540992137,-6.27123491255066,0.0961025662030436));
#3940=CARTESIAN_POINT('Ctrl Pts',(-27.9105514140719,-6.26073058472578,0.0773387218301116));
#3941=CARTESIAN_POINT('Ctrl Pts',(-27.8708009511133,-6.25007948027725,0.0611630199207483));
#3942=CARTESIAN_POINT('Ctrl Pts',(-27.8304322244717,-6.23926271257416,0.0477376348816261));
#3943=CARTESIAN_POINT('Ctrl Pts',(-27.7912709982565,-6.22876949363519,0.0347138269916709));
#3944=CARTESIAN_POINT('Ctrl Pts',(-27.7515278937585,-6.21812036088025,0.0242785611140162));
#3945=CARTESIAN_POINT('Ctrl Pts',(-27.7111585624829,-6.20730343116597,0.0165364490568126));
#3946=CARTESIAN_POINT('Ctrl Pts',(-27.67229209522,-6.19688919265021,0.00908255930166127));
#3947=CARTESIAN_POINT('Ctrl Pts',(-27.6328451564941,-6.18631941727474,0.00412518786581231));
#3948=CARTESIAN_POINT('Ctrl Pts',(-27.5927973089998,-6.17558862888002,0.00171369482420838));
#3949=CARTESIAN_POINT('Ctrl Pts',(-27.5738323732568,-6.17050698966319,0.000571715580878679));
#3950=CARTESIAN_POINT('Ctrl Pts',(-27.5547329636751,-6.16538931828985,-5.01033732099438E-17));
#3951=CARTESIAN_POINT('Ctrl Pts',(-27.5354984985572,-6.16023545889467,2.77555756156289E-17));
#3952=CARTESIAN_POINT('',(-19.4733900096504,-4.,0.));
#3953=CARTESIAN_POINT('',(-19.4733900096504,-4.,0.));
#3954=CARTESIAN_POINT('',(-19.4733900096504,-4.,0.));
#3955=CARTESIAN_POINT('Origin',(-19.4733900096504,-4.,0.));
#3956=CARTESIAN_POINT('',(0.,-4.,12.));
#3957=CARTESIAN_POINT('Origin',(-19.4733900096504,-4.,0.));
#3958=CARTESIAN_POINT('',(11.1268811272033,-4.,0.));
#3959=CARTESIAN_POINT('Ctrl Pts',(8.35204559153698,-4.,1.99655840732889));
#3960=CARTESIAN_POINT('Ctrl Pts',(8.42451871521337,-4.,1.9700750025138));
#3961=CARTESIAN_POINT('Ctrl Pts',(8.49514841199967,-4.,1.94066733327415));
#3962=CARTESIAN_POINT('Ctrl Pts',(8.86990709019314,-4.,1.7649325697249));
#3963=CARTESIAN_POINT('Ctrl Pts',(9.11973400287209,-4.,1.575045476972));
#3964=CARTESIAN_POINT('Ctrl Pts',(9.67790694930209,-4.,1.05246887087984));
#3965=CARTESIAN_POINT('Ctrl Pts',(9.94773335906374,-4.,0.701017998588549));
#3966=CARTESIAN_POINT('Ctrl Pts',(10.3659568680259,-4.,0.303891628105575));
#3967=CARTESIAN_POINT('Ctrl Pts',(10.5057810790874,-4.,0.192987041698841));
#3968=CARTESIAN_POINT('Ctrl Pts',(10.7305021818645,-4.,0.0786274336773438));
#3969=CARTESIAN_POINT('Ctrl Pts',(10.8061587181659,-4.,0.0493090156363932));
#3970=CARTESIAN_POINT('Ctrl Pts',(10.9648959179048,-4.,0.00963822497419028));
#3971=CARTESIAN_POINT('Ctrl Pts',(11.0451050417509,-4.,-2.68347501253762E-16));
#3972=CARTESIAN_POINT('Ctrl Pts',(11.1268811272033,-4.,7.37257477290143E-17));
#3973=CARTESIAN_POINT('',(0.,-4.,0.));
#3974=CARTESIAN_POINT('Origin',(-19.4733900096504,-4.,0.));
#3975=CARTESIAN_POINT('',(-11.1268811272033,-4.,0.));
#3976=CARTESIAN_POINT('',(0.,-4.,0.));
#3977=CARTESIAN_POINT('Ctrl Pts',(-11.1268811272033,-4.,0.));
#3978=CARTESIAN_POINT('Ctrl Pts',(-11.0848903670687,-4.,-1.62331447886344E-16));
#3979=CARTESIAN_POINT('Ctrl Pts',(-11.0435227097359,-4.,0.00254540907858161));
#3980=CARTESIAN_POINT('Ctrl Pts',(-11.0027669213488,-4.,0.00760964382933457));
#3981=CARTESIAN_POINT('Ctrl Pts',(-10.9607104948637,-4.,0.0128354933326186));
#3982=CARTESIAN_POINT('Ctrl Pts',(-10.919305592964,-4.,0.020743307242486));
#3983=CARTESIAN_POINT('Ctrl Pts',(-10.8785173109349,-4.,0.0312526873245332));
#3984=CARTESIAN_POINT('Ctrl Pts',(-10.8361886155631,-4.,0.042158965449249));
#3985=CARTESIAN_POINT('Ctrl Pts',(-10.7945239741208,-4.,0.0558667863739206));
#3986=CARTESIAN_POINT('Ctrl Pts',(-10.7534607372888,-4.,0.0722352821088325));
#3987=CARTESIAN_POINT('Ctrl Pts',(-10.7105016624971,-4.,0.0893594906893357));
#3988=CARTESIAN_POINT('Ctrl Pts',(-10.6682007891256,-4.,0.109395423260441));
#3989=CARTESIAN_POINT('Ctrl Pts',(-10.6264612223269,-4.,0.132131073619265));
#3990=CARTESIAN_POINT('Ctrl Pts',(-10.581026409616,-4.,0.156879534016475));
#3991=CARTESIAN_POINT('Ctrl Pts',(-10.5362568066936,-4.,0.184826661776941));
#3992=CARTESIAN_POINT('Ctrl Pts',(-10.4919972138906,-4.,0.215643945449309));
#3993=CARTESIAN_POINT('Ctrl Pts',(-10.4456379201596,-4.,0.247923219054848));
#3994=CARTESIAN_POINT('Ctrl Pts',(-10.3998381491134,-4.,0.283350963458684));
#3995=CARTESIAN_POINT('Ctrl Pts',(-10.3543876216467,-4.,0.321499070749646));
#3996=CARTESIAN_POINT('Ctrl Pts',(-10.3066490075986,-4.,0.361567643594264));
#3997=CARTESIAN_POINT('Ctrl Pts',(-10.2592957035031,-4.,0.404636973013182));
#3998=CARTESIAN_POINT('Ctrl Pts',(-10.2120494468822,-4.,0.450162492563298));
#3999=CARTESIAN_POINT('Ctrl Pts',(-10.1617631674404,-4.,0.49861731547548));
#4000=CARTESIAN_POINT('Ctrl Pts',(-10.1115981998996,-4.,0.549853989424816));
#4001=CARTESIAN_POINT('Ctrl Pts',(-10.0611801382198,-4.,0.603169966152051));
#4002=CARTESIAN_POINT('Ctrl Pts',(-10.0039474658728,-4.,0.663692241805341));
#4003=CARTESIAN_POINT('Ctrl Pts',(-9.94638912445722,-4.,0.726893008436928));
#4004=CARTESIAN_POINT('Ctrl Pts',(-9.88790390774823,-4.,0.791698262190237));
#4005=CARTESIAN_POINT('Ctrl Pts',(-9.82414562992491,-4.,0.862346395269288));
#4006=CARTESIAN_POINT('Ctrl Pts',(-9.7592856253721,-4.,0.934899900965409));
#4007=CARTESIAN_POINT('Ctrl Pts',(-9.69248275976286,-4.,1.00793734393495));
#4008=CARTESIAN_POINT('Ctrl Pts',(-9.62091769989385,-4.,1.08618142719582));
#4009=CARTESIAN_POINT('Ctrl Pts',(-9.54712204762474,-4.,1.16497845161871));
#4010=CARTESIAN_POINT('Ctrl Pts',(-9.47000167028666,-4.,1.24257888562552));
#4011=CARTESIAN_POINT('Ctrl Pts',(-9.39495759056419,-4.,1.31809009754007));
#4012=CARTESIAN_POINT('Ctrl Pts',(-9.31676366225568,-4.,1.39246591763197));
#4013=CARTESIAN_POINT('Ctrl Pts',(-9.23437783059889,-4.,1.46412894846741));
#4014=CARTESIAN_POINT('Ctrl Pts',(-9.16885218672332,-4.,1.52112620325181));
#4015=CARTESIAN_POINT('Ctrl Pts',(-9.1006732726751,-4.,1.57640716443251));
#4016=CARTESIAN_POINT('Ctrl Pts',(-9.02931622230208,-4.,1.62921264613454));
#4017=CARTESIAN_POINT('Ctrl Pts',(-8.96303131597491,-4.,1.67826465136573));
#4018=CARTESIAN_POINT('Ctrl Pts',(-8.89400331059886,-4.,1.72518011461917));
#4019=CARTESIAN_POINT('Ctrl Pts',(-8.82182483730064,-4.,1.76938921444915));
#4020=CARTESIAN_POINT('Ctrl Pts',(-8.75022276622161,-4.,1.81324526963734));
#4021=CARTESIAN_POINT('Ctrl Pts',(-8.67551960656724,-4.,1.85443723800948));
#4022=CARTESIAN_POINT('Ctrl Pts',(-8.59734195590361,-4.,1.89245797454816));
#4023=CARTESIAN_POINT('Ctrl Pts',(-8.52785289336421,-4.,1.92625312337525));
#4024=CARTESIAN_POINT('Ctrl Pts',(-8.45561863387348,-4.,1.95754297995673));
#4025=CARTESIAN_POINT('Ctrl Pts',(-8.38040059764233,-4.,1.98601214255969));
#4026=CARTESIAN_POINT('Ctrl Pts',(-8.37099568538069,-4.,1.98957179380638));
#4027=CARTESIAN_POINT('Ctrl Pts',(-8.36154416114375,-4.,1.99308740385504));
#4028=CARTESIAN_POINT('Ctrl Pts',(-8.35204559147648,-4.,1.996558407351));
#4029=CARTESIAN_POINT('Origin',(-46.4663676403205,-7.09164183580908,2.175));
#4030=CARTESIAN_POINT('',(-33.9477235498994,1.43909964060231,2.175));
#4031=CARTESIAN_POINT('',(-32.6536283243868,-3.39052949084303,2.175));
#4032=CARTESIAN_POINT('',(-32.6536283243868,-3.39052949084303,2.175));
#4033=CARTESIAN_POINT('',(-33.4647606367549,1.56850916315358,2.175));
#4034=CARTESIAN_POINT('',(-44.1865373085635,-1.30438223748441,2.175));
#4035=CARTESIAN_POINT('',(-32.1706654112422,-3.26111996829176,2.175));
#4036=CARTESIAN_POINT('',(-47.7604628658331,-2.26201270436374,2.175));
#4037=CARTESIAN_POINT('',(-46.4663676403205,-7.09164183580908,2.175));
#4038=CARTESIAN_POINT('',(-47.2774999526885,-2.13260318181247,2.175));
#4039=CARTESIAN_POINT('',(-44.1865373085635,-1.30438223748441,2.175));
#4040=CARTESIAN_POINT('',(-45.9834047271759,-6.96223231325781,2.175));
#4041=CARTESIAN_POINT('',(-45.9834047271759,-6.96223231325781,2.175));
#4042=CARTESIAN_POINT('',(-33.2331838201602,-3.54582091790454,2.175));
#4043=CARTESIAN_POINT('Ctrl Pts',(-23.111998832654,-37.0685238884092,2.175));
#4044=CARTESIAN_POINT('Ctrl Pts',(-33.4647606367549,1.56850916315358,2.175));
#4045=CARTESIAN_POINT('Ctrl Pts',(-22.8564907803502,-37.0000607121347,2.16339830511819));
#4046=CARTESIAN_POINT('Ctrl Pts',(-33.209252584451,1.63697233942805,2.16339830511819));
#4047=CARTESIAN_POINT('Ctrl Pts',(-22.3845966047526,-36.8736170488704,2.10007178872032));
#4048=CARTESIAN_POINT('Ctrl Pts',(-32.7373584088534,1.76341600269237,2.10007178872032));
#4049=CARTESIAN_POINT('Ctrl Pts',(-21.7940092894974,-36.7153696546877,1.88483815837484));
#4050=CARTESIAN_POINT('Ctrl Pts',(-32.1467710935982,1.92166339687506,1.88483815837484));
#4051=CARTESIAN_POINT('Ctrl Pts',(-21.2033010333426,-36.5570898544886,1.40546962510376));
#4052=CARTESIAN_POINT('Ctrl Pts',(-31.5560628374434,2.07994319707415,1.40546962510376));
#4053=CARTESIAN_POINT('Ctrl Pts',(-20.6448526135073,-36.4074540513793,0.698421644849774));
#4054=CARTESIAN_POINT('Ctrl Pts',(-30.9976144176082,2.22957900018343,0.698421644849774));
#4055=CARTESIAN_POINT('Ctrl Pts',(-20.2300270444136,-36.2963018751409,0.235171085091751));
#4056=CARTESIAN_POINT('Ctrl Pts',(-30.5827888485145,2.34073117642187,0.235171085091751));
#4057=CARTESIAN_POINT('Ctrl Pts',(-19.8887283244859,-36.2048511587584,0.0427823807803827));
#4058=CARTESIAN_POINT('Ctrl Pts',(-30.2414901285867,2.43218189280429,0.0427823807803827));
#4059=CARTESIAN_POINT('Ctrl Pts',(-19.6410160395472,-36.1384768520538,-5.15922909553283E-16));
#4060=CARTESIAN_POINT('Ctrl Pts',(-29.993777843648,2.49855619950888,-5.15922909553283E-16));
#4061=CARTESIAN_POINT('Ctrl Pts',(-19.512108100379,-36.1039360738558,0.));
#4062=CARTESIAN_POINT('Ctrl Pts',(-29.8648699044799,2.53309697770694,0.));
#4063=CARTESIAN_POINT('',(-29.9550907343274,-2.66745852284158,1.00657166340187));
#4064=CARTESIAN_POINT('',(-31.24918595984,2.16217060860376,1.00657166340187));
#4065=CARTESIAN_POINT('Ctrl Pts',(-29.9550907343274,-2.66745852284158,1.00657166340187));
#4066=CARTESIAN_POINT('Ctrl Pts',(-30.3864558094983,-1.05758214569313,1.00657166340187));
#4067=CARTESIAN_POINT('Ctrl Pts',(-30.8178208846691,0.552294231455314,1.00657166340187));
#4068=CARTESIAN_POINT('Ctrl Pts',(-31.24918595984,2.16217060860376,1.00657166340187));
#4069=CARTESIAN_POINT('',(-28.5707746789673,-2.2965321537384,0.));
#4070=CARTESIAN_POINT('Ctrl Pts',(-28.5707746789673,-2.2965321537384,2.77555756156289E-17));
#4071=CARTESIAN_POINT('Ctrl Pts',(-28.6114747767334,-2.30743771206671,-1.36993836949316E-16));
#4072=CARTESIAN_POINT('Ctrl Pts',(-28.6515688254355,-2.31818088003772,0.00256305676003804));
#4073=CARTESIAN_POINT('Ctrl Pts',(-28.6910678243481,-2.32876460489819,0.00766222596564742));
#4074=CARTESIAN_POINT('Ctrl Pts',(-28.7318060551546,-2.33968038094388,0.0129213752539486));
#4075=CARTESIAN_POINT('Ctrl Pts',(-28.7719113350761,-2.35042655831105,0.0208780667177624));
#4076=CARTESIAN_POINT('Ctrl Pts',(-28.8114177789804,-2.36101227805103,0.031450958950539));
#4077=CARTESIAN_POINT('Ctrl Pts',(-28.8523864430287,-2.37198979849778,0.0424151771158971));
#4078=CARTESIAN_POINT('Ctrl Pts',(-28.8927111450178,-2.38279476983076,0.0561925967502009));
#4079=CARTESIAN_POINT('Ctrl Pts',(-28.9324529584841,-2.39344355665481,0.0726410747352834));
#4080=CARTESIAN_POINT('Ctrl Pts',(-28.973984984391,-2.40457202945659,0.0898304919817883));
#4081=CARTESIAN_POINT('Ctrl Pts',(-29.0148804469104,-2.41552993561277,0.109936714398094));
#4082=CARTESIAN_POINT('Ctrl Pts',(-29.055233453509,-2.42634249114302,0.132746624325187));
#4083=CARTESIAN_POINT('Ctrl Pts',(-29.0990568719341,-2.43808494071962,0.157518216611218));
#4084=CARTESIAN_POINT('Ctrl Pts',(-29.1422404162387,-2.44965593654234,0.185478286019276));
#4085=CARTESIAN_POINT('Ctrl Pts',(-29.1849336744776,-2.46109556060971,0.216299122494609));
#4086=CARTESIAN_POINT('Ctrl Pts',(-29.2295259342588,-2.47304402060676,0.248490873686147));
#4087=CARTESIAN_POINT('Ctrl Pts',(-29.2735833586392,-2.48484917189007,0.283803067752677));
#4088=CARTESIAN_POINT('Ctrl Pts',(-29.3173067604162,-2.49656482208656,0.321812525263091));
#4089=CARTESIAN_POINT('Ctrl Pts',(-29.3630272056137,-2.50881557845483,0.361558044789553));
#4090=CARTESIAN_POINT('Ctrl Pts',(-29.4083824241028,-2.52096847262153,0.404252429499231));
#4091=CARTESIAN_POINT('Ctrl Pts',(-29.4536343920355,-2.533093700885,0.449364863438473));
#4092=CARTESIAN_POINT('Ctrl Pts',(-29.5030786584082,-2.54634225212993,0.498656668907225));
#4093=CARTESIAN_POINT('Ctrl Pts',(-29.5523994464952,-2.55955771746789,0.550834888543798));
#4094=CARTESIAN_POINT('Ctrl Pts',(-29.6019783181985,-2.57284233610245,0.605158409791152));
#4095=CARTESIAN_POINT('Ctrl Pts',(-29.655008994739,-2.58705186305556,0.663264070223379));
#4096=CARTESIAN_POINT('Ctrl Pts',(-29.708334962537,-2.60134051306263,0.723822997399256));
#4097=CARTESIAN_POINT('Ctrl Pts',(-29.7624682321586,-2.6158454789414,0.785887755459531));
#4098=CARTESIAN_POINT('Ctrl Pts',(-29.8220494069065,-2.6318102065992,0.854198633807042));
#4099=CARTESIAN_POINT('Ctrl Pts',(-29.8826085868152,-2.64803698995002,0.924332491600361));
#4100=CARTESIAN_POINT('Ctrl Pts',(-29.9448814158008,-2.6647229441871,0.994999217765883));
#4101=CARTESIAN_POINT('Ctrl Pts',(-29.9482793669621,-2.66563342245672,0.998855186543216));
#4102=CARTESIAN_POINT('Ctrl Pts',(-29.9516824320027,-2.66654527098611,1.00271273858463));
#4103=CARTESIAN_POINT('Ctrl Pts',(-29.9550907343275,-2.66745852284162,1.00657166340201));
#4104=CARTESIAN_POINT('',(-28.5707746789673,-2.2965321537384,0.));
#4105=CARTESIAN_POINT('Ctrl Pts',(-31.24918595984,2.16217060860376,1.00657166340187));
#4106=CARTESIAN_POINT('Ctrl Pts',(-31.3154182560357,2.14442371832527,1.08156074216904));
#4107=CARTESIAN_POINT('Ctrl Pts',(-31.5021933279104,2.09437748865016,1.28908415128656));
#4108=CARTESIAN_POINT('Ctrl Pts',(-31.833486111617,2.00560785479773,1.62520166666845));
#4109=CARTESIAN_POINT('Ctrl Pts',(-32.2312390219483,1.89903028368732,1.91562164863436));
#4110=CARTESIAN_POINT('Ctrl Pts',(-32.7373584088534,1.76341600269237,2.10007178872032));
#4111=CARTESIAN_POINT('Ctrl Pts',(-33.209252584451,1.63697233942805,2.16339830511819));
#4112=CARTESIAN_POINT('Ctrl Pts',(-33.4647606367549,1.56850916315358,2.175));
#4113=CARTESIAN_POINT('Ctrl Pts',(-41.0075917940072,-41.8636335704798,0.));
#4114=CARTESIAN_POINT('Ctrl Pts',(-51.3603535981081,-3.2266005189171,0.));
#4115=CARTESIAN_POINT('Ctrl Pts',(-40.8786838548391,-41.8290927922818,-5.15922909553283E-16));
#4116=CARTESIAN_POINT('Ctrl Pts',(-51.2314456589399,-3.19205974071904,-5.15922909553283E-16));
#4117=CARTESIAN_POINT('Ctrl Pts',(-40.6309715699004,-41.7627184855772,0.0427823807803827));
#4118=CARTESIAN_POINT('Ctrl Pts',(-50.9837333740012,-3.12568543401445,0.0427823807803827));
#4119=CARTESIAN_POINT('Ctrl Pts',(-40.2896728499726,-41.6712677691947,0.235171085091751));
#4120=CARTESIAN_POINT('Ctrl Pts',(-50.6424346540734,-3.03423471763202,0.235171085091751));
#4121=CARTESIAN_POINT('Ctrl Pts',(-39.8748472808789,-41.5601155929563,0.698421644849774));
#4122=CARTESIAN_POINT('Ctrl Pts',(-50.2276090849798,-2.92308254139359,0.698421644849774));
#4123=CARTESIAN_POINT('Ctrl Pts',(-39.3163988610437,-41.410479789847,1.40546962510376));
#4124=CARTESIAN_POINT('Ctrl Pts',(-49.6691606651445,-2.77344673828431,1.40546962510376));
#4125=CARTESIAN_POINT('Ctrl Pts',(-38.7256906048888,-41.2521999896479,1.88483815837484));
#4126=CARTESIAN_POINT('Ctrl Pts',(-49.0784524089897,-2.61516693808522,1.88483815837484));
#4127=CARTESIAN_POINT('Ctrl Pts',(-38.1351032896337,-41.0939525954653,2.10007178872032));
#4128=CARTESIAN_POINT('Ctrl Pts',(-48.4878650937345,-2.45691954390253,2.10007178872032));
#4129=CARTESIAN_POINT('Ctrl Pts',(-37.6632091140361,-40.9675089322009,2.16339830511819));
#4130=CARTESIAN_POINT('Ctrl Pts',(-48.0159709181369,-2.33047588063821,2.16339830511819));
#4131=CARTESIAN_POINT('Ctrl Pts',(-37.4077010617322,-40.8990457559265,2.175));
#4132=CARTESIAN_POINT('Ctrl Pts',(-47.7604628658331,-2.26201270436374,2.175));
#4133=CARTESIAN_POINT('',(-50.0662583725955,-8.05622965036244,0.));
#4134=CARTESIAN_POINT('',(-50.0662583725955,-8.05622965036244,0.));
#4135=CARTESIAN_POINT('',(-48.6819423172353,-7.68530328125926,1.00657166340187));
#4136=CARTESIAN_POINT('Ctrl Pts',(-48.6819423172353,-7.68530328125926,1.00657166340188));
#4137=CARTESIAN_POINT('Ctrl Pts',(-48.8621502513227,-7.73358985166766,0.802537865089586));
#4138=CARTESIAN_POINT('Ctrl Pts',(-49.0287189611055,-7.77822180293824,0.601307157623247));
#4139=CARTESIAN_POINT('Ctrl Pts',(-49.3312619788047,-7.85928796020644,0.303891628106955));
#4140=CARTESIAN_POINT('Ctrl Pts',(-49.4663217954098,-7.89547712899567,0.19298704169939));
#4141=CARTESIAN_POINT('Ctrl Pts',(-49.6833857122955,-7.95363923023112,0.0786274336773292));
#4142=CARTESIAN_POINT('Ctrl Pts',(-49.7564643146366,-7.97322058271241,0.0493090156363855));
#4143=CARTESIAN_POINT('Ctrl Pts',(-49.9097926754572,-8.01430479317108,0.00963822497420127));
#4144=CARTESIAN_POINT('Ctrl Pts',(-49.9872687396841,-8.03506444201341,-2.12208024599223E-16));
#4145=CARTESIAN_POINT('Ctrl Pts',(-50.0662583725955,-8.05622965036244,-1.13841228110978E-17));
#4146=CARTESIAN_POINT('',(-49.976037542748,-2.85567414981392,1.00657166340187));
#4147=CARTESIAN_POINT('Ctrl Pts',(-49.9760375427479,-2.85567414981392,1.00657166340187));
#4148=CARTESIAN_POINT('Ctrl Pts',(-49.5446724675771,-4.46555052696236,1.00657166340187));
#4149=CARTESIAN_POINT('Ctrl Pts',(-49.1133073924062,-6.07542690411082,1.00657166340187));
#4150=CARTESIAN_POINT('Ctrl Pts',(-48.6819423172353,-7.68530328125926,1.00657166340187));
#4151=CARTESIAN_POINT('Ctrl Pts',(-47.7604628658331,-2.26201270436374,2.175));
#4152=CARTESIAN_POINT('Ctrl Pts',(-48.0159709181369,-2.33047588063821,2.16339830511819));
#4153=CARTESIAN_POINT('Ctrl Pts',(-48.4878650937345,-2.45691954390253,2.10007178872032));
#4154=CARTESIAN_POINT('Ctrl Pts',(-48.9939844806396,-2.59253382489748,1.91562164863436));
#4155=CARTESIAN_POINT('Ctrl Pts',(-49.3917373909709,-2.69911139600789,1.62520166666844));
#4156=CARTESIAN_POINT('Ctrl Pts',(-49.7230301746775,-2.78788102986032,1.28908415128655));
#4157=CARTESIAN_POINT('Ctrl Pts',(-49.9098052465523,-2.83792725953543,1.08156074216904));
#4158=CARTESIAN_POINT('Ctrl Pts',(-49.976037542748,-2.85567414981392,1.00657166340187));
#4159=CARTESIAN_POINT('Origin',(-32.6536283243868,-3.39052949084303,2.03799293286851));
#4160=CARTESIAN_POINT('',(-32.6536283243868,-3.39052949084303,9.9620070671315));
#4161=CARTESIAN_POINT('',(-32.6536283243868,-3.39052949084303,1.01899646643426));
#4162=CARTESIAN_POINT('',(-33.9477235498994,1.43909964060231,9.9620070671315));
#4163=CARTESIAN_POINT('',(-32.6536283243868,-3.39052949084303,9.9620070671315));
#4164=CARTESIAN_POINT('',(-33.9477235498994,1.43909964060231,4.01899646643426));
#4165=CARTESIAN_POINT('Origin',(-45.9834047271759,-6.96223231325781,9.9620070671315));
#4166=CARTESIAN_POINT('',(-47.2774999526885,-2.13260318181247,9.9620070671315));
#4167=CARTESIAN_POINT('',(-47.2774999526885,-2.13260318181247,7.98100353356575));
#4168=CARTESIAN_POINT('',(-45.9834047271759,-6.96223231325781,9.9620070671315));
#4169=CARTESIAN_POINT('',(-45.9834047271759,-6.96223231325781,9.9620070671315));
#4170=CARTESIAN_POINT('',(-45.9834047271759,-6.96223231325781,4.98100353356575));
#4171=CARTESIAN_POINT('Origin',(0.,-7.10823255462856,0.));
#4172=CARTESIAN_POINT('',(-58.6370330515627,-10.3527618041008,0.));
#4173=CARTESIAN_POINT('',(-57.6017568711526,-14.2164651092571,0.));
#4174=CARTESIAN_POINT('',(-20.,0.,0.));
#4175=CARTESIAN_POINT('Origin',(0.,-7.10823255462856,0.));
#4176=CARTESIAN_POINT('',(-20.,0.,0.));
#4177=CARTESIAN_POINT('',(-20.,0.,0.));
#4178=CARTESIAN_POINT('',(-11.1268811272033,0.,0.));
#4179=CARTESIAN_POINT('',(0.,0.,0.));
#4180=CARTESIAN_POINT('',(-11.1268811272033,0.,0.));
#4181=CARTESIAN_POINT('Origin',(-40.612611751294,-0.346751770605079,6.));
#4182=CARTESIAN_POINT('Origin',(-50.2235737228702,-2.92200126937516,6.));
#4183=CARTESIAN_POINT('',(-48.2917220702921,-2.40436317917012,6.));
#4184=CARTESIAN_POINT('Origin',(-50.2235737228702,-2.92200126937516,6.));
#4185=CARTESIAN_POINT('Origin',(-20.,0.,0.));
#4186=CARTESIAN_POINT('Origin',(-48.9294784973576,-7.75163040082051,6.));
#4187=CARTESIAN_POINT('',(-58.6370330515627,-10.3527618041008,12.));
#4188=CARTESIAN_POINT('',(-58.6370330515627,-10.3527618041008,0.));
#4189=CARTESIAN_POINT('',(-20.,0.,12.));
#4190=CARTESIAN_POINT('',(-20.,0.,12.));
#4191=CARTESIAN_POINT('',(-20.,0.,0.));
#4192=CARTESIAN_POINT('Origin',(-29.7075545542051,-2.60113140328034,6.));
#4193=CARTESIAN_POINT('Ctrl Pts',(7.40000000000001,-35.,2.175));
#4194=CARTESIAN_POINT('Ctrl Pts',(7.40000000000001,5.,2.175));
#4195=CARTESIAN_POINT('Ctrl Pts',(7.66452140045317,-35.,2.16339830511819));
#4196=CARTESIAN_POINT('Ctrl Pts',(7.66452140045317,5.,2.16339830511819));
#4197=CARTESIAN_POINT('Ctrl Pts',(8.15306220012362,-35.,2.10007178872032));
#4198=CARTESIAN_POINT('Ctrl Pts',(8.15306220012362,5.,2.10007178872032));
#4199=CARTESIAN_POINT('Ctrl Pts',(8.76448318005962,-35.,1.88483815837484));
#4200=CARTESIAN_POINT('Ctrl Pts',(8.76448318005962,5.,1.88483815837484));
#4201=CARTESIAN_POINT('Ctrl Pts',(9.37602936722831,-35.,1.40546962510376));
#4202=CARTESIAN_POINT('Ctrl Pts',(9.37602936722831,5.,1.40546962510376));
#4203=CARTESIAN_POINT('Ctrl Pts',(9.95417771427135,-35.,0.698421644849774));
#4204=CARTESIAN_POINT('Ctrl Pts',(9.95417771427135,5.,0.698421644849774));
#4205=CARTESIAN_POINT('Ctrl Pts',(10.3836367449791,-35.,0.235171085091751));
#4206=CARTESIAN_POINT('Ctrl Pts',(10.3836367449791,5.,0.235171085091751));
#4207=CARTESIAN_POINT('Ctrl Pts',(10.7369751801248,-35.,0.0427823807803827));
#4208=CARTESIAN_POINT('Ctrl Pts',(10.7369751801248,5.,0.0427823807803827));
#4209=CARTESIAN_POINT('Ctrl Pts',(10.9934258083168,-35.,-5.15922909553283E-16));
#4210=CARTESIAN_POINT('Ctrl Pts',(10.9934258083168,5.,-5.15922909553283E-16));
#4211=CARTESIAN_POINT('Ctrl Pts',(11.1268811272033,-35.,0.));
#4212=CARTESIAN_POINT('Ctrl Pts',(11.1268811272033,5.,0.));
#4213=CARTESIAN_POINT('',(9.69373168892973,5.,1.00657166340187));
#4214=CARTESIAN_POINT('Ctrl Pts',(9.69373168892973,5.,1.00657166340187));
#4215=CARTESIAN_POINT('Ctrl Pts',(9.62516297030448,5.,1.08156074216903));
#4216=CARTESIAN_POINT('Ctrl Pts',(9.43179918729814,5.,1.28908415128656));
#4217=CARTESIAN_POINT('Ctrl Pts',(9.088819659585,5.,1.62520166666845));
#4218=CARTESIAN_POINT('Ctrl Pts',(8.67703554583017,5.,1.91562164863436));
#4219=CARTESIAN_POINT('Ctrl Pts',(8.15306220012362,5.,2.10007178872032));
#4220=CARTESIAN_POINT('Ctrl Pts',(7.66452140045317,5.,2.16339830511819));
#4221=CARTESIAN_POINT('Ctrl Pts',(7.40000000000001,5.,2.175));
#4222=CARTESIAN_POINT('',(9.69373168892973,0.,1.00657166340187));
#4223=CARTESIAN_POINT('Ctrl Pts',(9.69373168892973,0.,1.00657166340187));
#4224=CARTESIAN_POINT('Ctrl Pts',(9.69373168892973,1.66666666666667,1.00657166340187));
#4225=CARTESIAN_POINT('Ctrl Pts',(9.69373168892973,3.33333333333333,1.00657166340187));
#4226=CARTESIAN_POINT('Ctrl Pts',(9.69373168892973,5.,1.00657166340187));
#4227=CARTESIAN_POINT('',(11.1268811272033,0.,0.));
#4228=CARTESIAN_POINT('Ctrl Pts',(11.1268811272033,0.,2.77555756156289E-17));
#4229=CARTESIAN_POINT('Ctrl Pts',(11.0847452854456,0.,-1.36993836949351E-16));
#4230=CARTESIAN_POINT('Ctrl Pts',(11.0432368718482,0.,0.00256305676003908));
#4231=CARTESIAN_POINT('Ctrl Pts',(11.0023444991239,0.,0.00766222596565061));
#4232=CARTESIAN_POINT('Ctrl Pts',(10.9601691791378,0.,0.0129213752539534));
#4233=CARTESIAN_POINT('Ctrl Pts',(10.9186491381265,0.,0.0208780667177695));
#4234=CARTESIAN_POINT('Ctrl Pts',(10.8777490577797,0.,0.0314509589505487));
#4235=CARTESIAN_POINT('Ctrl Pts',(10.8353351757471,0.,0.0424151771159118));
#4236=CARTESIAN_POINT('Ctrl Pts',(10.7935879722958,0.,0.0561925967502222));
#4237=CARTESIAN_POINT('Ctrl Pts',(10.7524442194478,0.,0.0726410747353129));
#4238=CARTESIAN_POINT('Ctrl Pts',(10.7094471023022,0.,0.0898304919818156));
#4239=CARTESIAN_POINT('Ctrl Pts',(10.667109004069,0.,0.109936714398117));
#4240=CARTESIAN_POINT('Ctrl Pts',(10.6253324975296,0.,0.132746624325204));
#4241=CARTESIAN_POINT('Ctrl Pts',(10.57996315629,0.,0.157518216611173));
#4242=CARTESIAN_POINT('Ctrl Pts',(10.5352562614859,0.,0.185478286019153));
#4243=CARTESIAN_POINT('Ctrl Pts',(10.4910569481672,0.,0.216299122494395));
#4244=CARTESIAN_POINT('Ctrl Pts',(10.444891643785,0.,0.248490873685926));
#4245=CARTESIAN_POINT('Ctrl Pts',(10.3992800417538,0.,0.283803067752452));
#4246=CARTESIAN_POINT('Ctrl Pts',(10.3540142453675,0.,0.321812525262864));
#4247=CARTESIAN_POINT('Ctrl Pts',(10.3066809574968,0.,0.361558044789286));
#4248=CARTESIAN_POINT('Ctrl Pts',(10.2597257801378,0.,0.404252429498921));
#4249=CARTESIAN_POINT('Ctrl Pts',(10.2128774956205,0.,0.449364863438118));
#4250=CARTESIAN_POINT('Ctrl Pts',(10.1616890243871,0.,0.498656668906722));
#4251=CARTESIAN_POINT('Ctrl Pts',(10.1106283872817,0.,0.550834888543134));
#4252=CARTESIAN_POINT('Ctrl Pts',(10.0593005623558,0.,0.605158409790319));
#4253=CARTESIAN_POINT('Ctrl Pts',(10.0043991661051,0.,0.663264070219618));
#4254=CARTESIAN_POINT('Ctrl Pts',(9.94919206184934,0.,0.723822997392326));
#4255=CARTESIAN_POINT('Ctrl Pts',(9.89314917724524,0.,0.785887755449335));
#4256=CARTESIAN_POINT('Ctrl Pts',(9.83146620622807,0.,0.854198633796561));
#4257=CARTESIAN_POINT('Ctrl Pts',(9.7687707297637,0.,0.924332491589655));
#4258=CARTESIAN_POINT('Ctrl Pts',(9.70430115322847,0.,0.994999217755016));
#4259=CARTESIAN_POINT('Ctrl Pts',(9.70078333532561,0.,0.99885518653597));
#4260=CARTESIAN_POINT('Ctrl Pts',(9.69726022314548,0.,1.002712738581));
#4261=CARTESIAN_POINT('Ctrl Pts',(9.69373168892959,0.,1.00657166340202));
#4262=CARTESIAN_POINT('',(11.1268811272033,0.,0.));
#4263=CARTESIAN_POINT('Ctrl Pts',(-11.1268811272033,-35.,0.));
#4264=CARTESIAN_POINT('Ctrl Pts',(-11.1268811272033,5.,0.));
#4265=CARTESIAN_POINT('Ctrl Pts',(-10.9934258083168,-35.,-5.15922909553283E-16));
#4266=CARTESIAN_POINT('Ctrl Pts',(-10.9934258083168,5.,-5.15922909553283E-16));
#4267=CARTESIAN_POINT('Ctrl Pts',(-10.7369751801248,-35.,0.0427823807803827));
#4268=CARTESIAN_POINT('Ctrl Pts',(-10.7369751801248,5.,0.0427823807803827));
#4269=CARTESIAN_POINT('Ctrl Pts',(-10.3836367449791,-35.,0.235171085091751));
#4270=CARTESIAN_POINT('Ctrl Pts',(-10.3836367449791,5.,0.235171085091751));
#4271=CARTESIAN_POINT('Ctrl Pts',(-9.95417771427135,-35.,0.698421644849774));
#4272=CARTESIAN_POINT('Ctrl Pts',(-9.95417771427135,5.,0.698421644849774));
#4273=CARTESIAN_POINT('Ctrl Pts',(-9.37602936722831,-35.,1.40546962510376));
#4274=CARTESIAN_POINT('Ctrl Pts',(-9.37602936722831,5.,1.40546962510376));
#4275=CARTESIAN_POINT('Ctrl Pts',(-8.76448318005962,-35.,1.88483815837484));
#4276=CARTESIAN_POINT('Ctrl Pts',(-8.76448318005962,5.,1.88483815837484));
#4277=CARTESIAN_POINT('Ctrl Pts',(-8.15306220012362,-35.,2.10007178872032));
#4278=CARTESIAN_POINT('Ctrl Pts',(-8.15306220012362,5.,2.10007178872032));
#4279=CARTESIAN_POINT('Ctrl Pts',(-7.66452140045317,-35.,2.16339830511819));
#4280=CARTESIAN_POINT('Ctrl Pts',(-7.66452140045317,5.,2.16339830511819));
#4281=CARTESIAN_POINT('Ctrl Pts',(-7.40000000000001,-35.,2.175));
#4282=CARTESIAN_POINT('Ctrl Pts',(-7.40000000000001,5.,2.175));
#4283=CARTESIAN_POINT('',(-9.69373168892973,0.,1.00657166340187));
#4284=CARTESIAN_POINT('Ctrl Pts',(-9.69373168892973,0.,1.00657166340187));
#4285=CARTESIAN_POINT('Ctrl Pts',(-9.88029667061131,0.,0.80253786508958));
#4286=CARTESIAN_POINT('Ctrl Pts',(-10.052741288251,0.,0.601307157623259));
#4287=CARTESIAN_POINT('Ctrl Pts',(-10.3659568680256,0.,0.303891628105908));
#4288=CARTESIAN_POINT('Ctrl Pts',(-10.5057810790871,0.,0.19298704169898));
#4289=CARTESIAN_POINT('Ctrl Pts',(-10.7305021818645,0.,0.0786274336773404));
#4290=CARTESIAN_POINT('Ctrl Pts',(-10.8061587181659,0.,0.0493090156363907));
#4291=CARTESIAN_POINT('Ctrl Pts',(-10.9648959179048,0.,0.00963822497419478));
#4292=CARTESIAN_POINT('Ctrl Pts',(-11.0451050417508,0.,-2.3356057619908E-16));
#4293=CARTESIAN_POINT('Ctrl Pts',(-11.1268811272033,0.,5.85469173142172E-17));
#4294=CARTESIAN_POINT('',(-9.69373168892973,5.,1.00657166340187));
#4295=CARTESIAN_POINT('Ctrl Pts',(-9.69373168892973,5.,1.00657166340187));
#4296=CARTESIAN_POINT('Ctrl Pts',(-9.69373168892973,3.33333333333333,1.00657166340187));
#4297=CARTESIAN_POINT('Ctrl Pts',(-9.69373168892973,1.66666666666667,1.00657166340187));
#4298=CARTESIAN_POINT('Ctrl Pts',(-9.69373168892973,0.,1.00657166340187));
#4299=CARTESIAN_POINT('Ctrl Pts',(-7.40000000000001,5.,2.175));
#4300=CARTESIAN_POINT('Ctrl Pts',(-7.66452140045317,5.,2.16339830511819));
#4301=CARTESIAN_POINT('Ctrl Pts',(-8.15306220012362,5.,2.10007178872032));
#4302=CARTESIAN_POINT('Ctrl Pts',(-8.67703554583017,5.,1.91562164863436));
#4303=CARTESIAN_POINT('Ctrl Pts',(-9.088819659585,5.,1.62520166666845));
#4304=CARTESIAN_POINT('Ctrl Pts',(-9.43179918729814,5.,1.28908415128656));
#4305=CARTESIAN_POINT('Ctrl Pts',(-9.62516297030448,5.,1.08156074216903));
#4306=CARTESIAN_POINT('Ctrl Pts',(-9.69373168892973,5.,1.00657166340187));
#4307=CARTESIAN_POINT('Origin',(6.89999999999998,0.,2.03799293286851));
#4308=CARTESIAN_POINT('',(6.89999999999998,0.,9.9620070671315));
#4309=CARTESIAN_POINT('',(6.89999999999998,0.,1.01899646643426));
#4310=CARTESIAN_POINT('',(6.89999999999998,5.,9.9620070671315));
#4311=CARTESIAN_POINT('',(6.89999999999998,0.,9.9620070671315));
#4312=CARTESIAN_POINT('',(6.89999999999998,5.,4.01899646643426));
#4313=CARTESIAN_POINT('Origin',(-6.89999999999998,0.,9.9620070671315));
#4314=CARTESIAN_POINT('',(-6.89999999999998,5.,9.9620070671315));
#4315=CARTESIAN_POINT('',(-6.89999999999998,5.,7.98100353356575));
#4316=CARTESIAN_POINT('',(-6.89999999999998,0.,9.9620070671315));
#4317=CARTESIAN_POINT('',(-6.89999999999998,0.,9.9620070671315));
#4318=CARTESIAN_POINT('',(-6.89999999999998,0.,4.98100353356575));
#4319=CARTESIAN_POINT('Origin',(0.,-7.10823255462856,0.));
#4320=CARTESIAN_POINT('',(20.,0.,0.));
#4321=CARTESIAN_POINT('',(0.,0.,0.));
#4322=CARTESIAN_POINT('',(28.5707746789673,-2.2965321537384,0.));
#4323=CARTESIAN_POINT('',(20.,0.,0.));
#4324=CARTESIAN_POINT('',(28.5707746789673,-2.2965321537384,0.));
#4325=CARTESIAN_POINT('Origin',(0.,5.,6.));
#4326=CARTESIAN_POINT('Origin',(-9.95,5.,6.));
#4327=CARTESIAN_POINT('',(-7.95,5.,6.));
#4328=CARTESIAN_POINT('Origin',(-9.95,5.,6.));
#4329=CARTESIAN_POINT('Origin',(20.,0.,0.));
#4330=CARTESIAN_POINT('Origin',(-9.95,0.,6.));
#4331=CARTESIAN_POINT('',(20.,0.,12.));
#4332=CARTESIAN_POINT('',(0.,0.,12.));
#4333=CARTESIAN_POINT('',(20.,0.,0.));
#4334=CARTESIAN_POINT('Origin',(9.95,0.,6.));
#4335=CARTESIAN_POINT('Origin',(32.1706654112422,-3.26111996829176,2.175));
#4336=CARTESIAN_POINT('',(47.2774999526885,-2.13260318181247,2.175));
#4337=CARTESIAN_POINT('',(45.9834047271759,-6.96223231325781,2.175));
#4338=CARTESIAN_POINT('',(45.9834047271759,-6.96223231325781,2.175));
#4339=CARTESIAN_POINT('',(47.7604628658331,-2.26201270436374,2.175));
#4340=CARTESIAN_POINT('',(37.0386861940244,0.61087869627425,2.175));
#4341=CARTESIAN_POINT('',(46.4663676403205,-7.09164183580908,2.175));
#4342=CARTESIAN_POINT('',(33.4647606367549,1.56850916315358,2.175));
#4343=CARTESIAN_POINT('',(32.1706654112422,-3.26111996829176,2.175));
#4344=CARTESIAN_POINT('',(33.9477235498994,1.43909964060231,2.175));
#4345=CARTESIAN_POINT('',(37.0386861940244,0.61087869627425,2.175));
#4346=CARTESIAN_POINT('',(32.6536283243868,-3.39052949084303,2.175));
#4347=CARTESIAN_POINT('',(32.6536283243868,-3.39052949084303,2.175));
#4348=CARTESIAN_POINT('',(45.4038492314025,-6.8069408861963,2.175));
#4349=CARTESIAN_POINT('Ctrl Pts',(37.4077010617322,-40.8990457559265,2.175));
#4350=CARTESIAN_POINT('Ctrl Pts',(47.7604628658331,-2.26201270436374,2.175));
#4351=CARTESIAN_POINT('Ctrl Pts',(37.6632091140361,-40.9675089322009,2.16339830511819));
#4352=CARTESIAN_POINT('Ctrl Pts',(48.0159709181369,-2.33047588063821,2.16339830511819));
#4353=CARTESIAN_POINT('Ctrl Pts',(38.1351032896337,-41.0939525954653,2.10007178872032));
#4354=CARTESIAN_POINT('Ctrl Pts',(48.4878650937345,-2.45691954390253,2.10007178872032));
#4355=CARTESIAN_POINT('Ctrl Pts',(38.7256906048888,-41.2521999896479,1.88483815837484));
#4356=CARTESIAN_POINT('Ctrl Pts',(49.0784524089897,-2.61516693808522,1.88483815837484));
#4357=CARTESIAN_POINT('Ctrl Pts',(39.3163988610437,-41.410479789847,1.40546962510376));
#4358=CARTESIAN_POINT('Ctrl Pts',(49.6691606651445,-2.77344673828431,1.40546962510376));
#4359=CARTESIAN_POINT('Ctrl Pts',(39.8748472808789,-41.5601155929563,0.698421644849774));
#4360=CARTESIAN_POINT('Ctrl Pts',(50.2276090849798,-2.92308254139359,0.698421644849774));
#4361=CARTESIAN_POINT('Ctrl Pts',(40.2896728499726,-41.6712677691947,0.235171085091751));
#4362=CARTESIAN_POINT('Ctrl Pts',(50.6424346540734,-3.03423471763202,0.235171085091751));
#4363=CARTESIAN_POINT('Ctrl Pts',(40.6309715699004,-41.7627184855772,0.0427823807803827));
#4364=CARTESIAN_POINT('Ctrl Pts',(50.9837333740012,-3.12568543401445,0.0427823807803827));
#4365=CARTESIAN_POINT('Ctrl Pts',(40.8786838548391,-41.8290927922818,-5.15922909553283E-16));
#4366=CARTESIAN_POINT('Ctrl Pts',(51.2314456589399,-3.19205974071904,-5.15922909553283E-16));
#4367=CARTESIAN_POINT('Ctrl Pts',(41.0075917940072,-41.8636335704798,0.));
#4368=CARTESIAN_POINT('Ctrl Pts',(51.3603535981081,-3.2266005189171,0.));
#4369=CARTESIAN_POINT('',(49.9760375427479,-2.85567414981392,1.00657166340187));
#4370=CARTESIAN_POINT('Ctrl Pts',(49.9760375427479,-2.85567414981392,1.00657166340187));
#4371=CARTESIAN_POINT('Ctrl Pts',(49.9098052465523,-2.83792725953543,1.08156074216904));
#4372=CARTESIAN_POINT('Ctrl Pts',(49.7230301746775,-2.78788102986032,1.28908415128655));
#4373=CARTESIAN_POINT('Ctrl Pts',(49.3917373909709,-2.69911139600789,1.62520166666844));
#4374=CARTESIAN_POINT('Ctrl Pts',(48.9939844806396,-2.59253382489748,1.91562164863436));
#4375=CARTESIAN_POINT('Ctrl Pts',(48.4878650937345,-2.45691954390253,2.10007178872032));
#4376=CARTESIAN_POINT('Ctrl Pts',(48.0159709181369,-2.33047588063821,2.16339830511819));
#4377=CARTESIAN_POINT('Ctrl Pts',(47.7604628658331,-2.26201270436374,2.175));
#4378=CARTESIAN_POINT('',(48.6819423172353,-7.68530328125926,1.00657166340187));
#4379=CARTESIAN_POINT('Ctrl Pts',(48.6819423172353,-7.68530328125926,1.00657166340187));
#4380=CARTESIAN_POINT('Ctrl Pts',(49.1133073924062,-6.07542690411082,1.00657166340187));
#4381=CARTESIAN_POINT('Ctrl Pts',(49.5446724675771,-4.46555052696237,1.00657166340187));
#4382=CARTESIAN_POINT('Ctrl Pts',(49.9760375427479,-2.85567414981392,1.00657166340187));
#4383=CARTESIAN_POINT('',(50.0662583725955,-8.05622965036244,0.));
#4384=CARTESIAN_POINT('Ctrl Pts',(50.0662583725955,-8.05622965036245,2.77555756156289E-17));
#4385=CARTESIAN_POINT('Ctrl Pts',(50.0255582748293,-8.04532409203414,-1.36993836949251E-16));
#4386=CARTESIAN_POINT('Ctrl Pts',(49.9854642261273,-8.03458092406314,0.00256305676003595));
#4387=CARTESIAN_POINT('Ctrl Pts',(49.9459652272147,-8.02399719920267,0.00766222596564128));
#4388=CARTESIAN_POINT('Ctrl Pts',(49.9052269964082,-8.01308142315698,0.0129213752539378));
#4389=CARTESIAN_POINT('Ctrl Pts',(49.8651217164867,-8.00233524578982,0.0208780667177443));
#4390=CARTESIAN_POINT('Ctrl Pts',(49.8256152725825,-7.99174952604984,0.0314509589505111));
#4391=CARTESIAN_POINT('Ctrl Pts',(49.7846466085341,-7.9807720056031,0.0424151771158564));
#4392=CARTESIAN_POINT('Ctrl Pts',(49.7443219065451,-7.96996703427013,0.0561925967501434));
#4393=CARTESIAN_POINT('Ctrl Pts',(49.7045800930788,-7.95931824744609,0.0726410747352054));
#4394=CARTESIAN_POINT('Ctrl Pts',(49.663048067172,-7.94818977464432,0.0898304919816857));
#4395=CARTESIAN_POINT('Ctrl Pts',(49.6221526046526,-7.93723186848815,0.109936714397961));
#4396=CARTESIAN_POINT('Ctrl Pts',(49.581799598054,-7.9264193129579,0.13274662432502));
#4397=CARTESIAN_POINT('Ctrl Pts',(49.5379761796288,-7.91467686338127,0.157518216611104));
#4398=CARTESIAN_POINT('Ctrl Pts',(49.4947926353241,-7.90310586755852,0.185478286019233));
#4399=CARTESIAN_POINT('Ctrl Pts',(49.4520993770851,-7.89166624349112,0.216299122494653));
#4400=CARTESIAN_POINT('Ctrl Pts',(49.4075071173037,-7.87971778349404,0.248490873686264));
#4401=CARTESIAN_POINT('Ctrl Pts',(49.3634496929233,-7.86791263221071,0.28380306775288));
#4402=CARTESIAN_POINT('Ctrl Pts',(49.3197262911462,-7.85619698201419,0.321812525263391));
#4403=CARTESIAN_POINT('Ctrl Pts',(49.2740058459486,-7.8439462256459,0.361558044789949));
#4404=CARTESIAN_POINT('Ctrl Pts',(49.2286506274594,-7.83179333147917,0.404252429499734));
#4405=CARTESIAN_POINT('Ctrl Pts',(49.1833986595266,-7.81966810321568,0.44936486343909));
#4406=CARTESIAN_POINT('Ctrl Pts',(49.1339543931539,-7.80641955197075,0.498656668907864));
#4407=CARTESIAN_POINT('Ctrl Pts',(49.0846336050669,-7.79320408663279,0.550834888544456));
#4408=CARTESIAN_POINT('Ctrl Pts',(49.0350547333636,-7.77991946799823,0.605158409791826));
#4409=CARTESIAN_POINT('Ctrl Pts',(48.9820240568272,-7.76570994104623,0.663264070219555));
#4410=CARTESIAN_POINT('Ctrl Pts',(48.9286980890334,-7.75142129104028,0.723822997390548));
#4411=CARTESIAN_POINT('Ctrl Pts',(48.8745648194161,-7.73691632516266,0.785887755445777));
#4412=CARTESIAN_POINT('Ctrl Pts',(48.8149836446686,-7.72095159750497,0.854198633792744));
#4413=CARTESIAN_POINT('Ctrl Pts',(48.7544244647604,-7.70472481415427,0.92433249158559));
#4414=CARTESIAN_POINT('Ctrl Pts',(48.6921516357753,-7.68803885991732,0.994999217750727));
#4415=CARTESIAN_POINT('Ctrl Pts',(48.6887536846095,-7.68712838164653,0.998855186533105));
#4416=CARTESIAN_POINT('Ctrl Pts',(48.6853506195645,-7.68621653311594,1.00271273857956));
#4417=CARTESIAN_POINT('Ctrl Pts',(48.6819423172352,-7.68530328125923,1.00657166340201));
#4418=CARTESIAN_POINT('',(50.0662583725955,-8.05622965036244,0.));
#4419=CARTESIAN_POINT('Ctrl Pts',(19.512108100379,-36.1039360738558,0.));
#4420=CARTESIAN_POINT('Ctrl Pts',(29.8648699044799,2.53309697770694,0.));
#4421=CARTESIAN_POINT('Ctrl Pts',(19.6410160395472,-36.1384768520538,-5.15922909553283E-16));
#4422=CARTESIAN_POINT('Ctrl Pts',(29.993777843648,2.49855619950888,-5.15922909553283E-16));
#4423=CARTESIAN_POINT('Ctrl Pts',(19.8887283244859,-36.2048511587584,0.0427823807803827));
#4424=CARTESIAN_POINT('Ctrl Pts',(30.2414901285867,2.43218189280429,0.0427823807803827));
#4425=CARTESIAN_POINT('Ctrl Pts',(20.2300270444136,-36.2963018751409,0.235171085091751));
#4426=CARTESIAN_POINT('Ctrl Pts',(30.5827888485145,2.34073117642187,0.235171085091751));
#4427=CARTESIAN_POINT('Ctrl Pts',(20.6448526135073,-36.4074540513793,0.698421644849774));
#4428=CARTESIAN_POINT('Ctrl Pts',(30.9976144176082,2.22957900018343,0.698421644849774));
#4429=CARTESIAN_POINT('Ctrl Pts',(21.2033010333426,-36.5570898544886,1.40546962510376));
#4430=CARTESIAN_POINT('Ctrl Pts',(31.5560628374434,2.07994319707415,1.40546962510376));
#4431=CARTESIAN_POINT('Ctrl Pts',(21.7940092894974,-36.7153696546877,1.88483815837484));
#4432=CARTESIAN_POINT('Ctrl Pts',(32.1467710935982,1.92166339687506,1.88483815837484));
#4433=CARTESIAN_POINT('Ctrl Pts',(22.3845966047526,-36.8736170488704,2.10007178872032));
#4434=CARTESIAN_POINT('Ctrl Pts',(32.7373584088534,1.76341600269237,2.10007178872032));
#4435=CARTESIAN_POINT('Ctrl Pts',(22.8564907803502,-37.0000607121347,2.16339830511819));
#4436=CARTESIAN_POINT('Ctrl Pts',(33.209252584451,1.63697233942805,2.16339830511819));
#4437=CARTESIAN_POINT('Ctrl Pts',(23.111998832654,-37.0685238884092,2.175));
#4438=CARTESIAN_POINT('Ctrl Pts',(33.4647606367549,1.56850916315358,2.175));
#4439=CARTESIAN_POINT('',(29.9550907343274,-2.66745852284158,1.00657166340187));
#4440=CARTESIAN_POINT('Ctrl Pts',(29.9550907343274,-2.66745852284158,1.00657166340187));
#4441=CARTESIAN_POINT('Ctrl Pts',(29.77488280024,-2.61917195243319,0.802537865089601));
#4442=CARTESIAN_POINT('Ctrl Pts',(29.6083140904573,-2.57454000116265,0.601307157623292));
#4443=CARTESIAN_POINT('Ctrl Pts',(29.3057710727568,-2.49347384389413,0.303891628105794));
#4444=CARTESIAN_POINT('Ctrl Pts',(29.170711256152,-2.45728467510497,0.192987041698936));
#4445=CARTESIAN_POINT('Ctrl Pts',(28.9536473392673,-2.39912257386978,0.0786274336773566));
#4446=CARTESIAN_POINT('Ctrl Pts',(28.8805687369262,-2.37954122138848,0.0493090156363979));
#4447=CARTESIAN_POINT('Ctrl Pts',(28.7272403761055,-2.3384570109298,0.00963822497419577));
#4448=CARTESIAN_POINT('Ctrl Pts',(28.6497643118786,-2.31769736208743,-5.59509765173273E-16));
#4449=CARTESIAN_POINT('Ctrl Pts',(28.5707746789673,-2.2965321537384,-2.55871712706579E-16));
#4450=CARTESIAN_POINT('',(31.24918595984,2.16217060860376,1.00657166340187));
#4451=CARTESIAN_POINT('Ctrl Pts',(31.24918595984,2.16217060860376,1.00657166340187));
#4452=CARTESIAN_POINT('Ctrl Pts',(30.8178208846691,0.552294231455314,1.00657166340187));
#4453=CARTESIAN_POINT('Ctrl Pts',(30.3864558094983,-1.05758214569313,1.00657166340187));
#4454=CARTESIAN_POINT('Ctrl Pts',(29.9550907343274,-2.66745852284158,1.00657166340187));
#4455=CARTESIAN_POINT('Ctrl Pts',(33.4647606367549,1.56850916315358,2.175));
#4456=CARTESIAN_POINT('Ctrl Pts',(33.209252584451,1.63697233942805,2.16339830511819));
#4457=CARTESIAN_POINT('Ctrl Pts',(32.7373584088534,1.76341600269237,2.10007178872032));
#4458=CARTESIAN_POINT('Ctrl Pts',(32.2312390219483,1.89903028368732,1.91562164863436));
#4459=CARTESIAN_POINT('Ctrl Pts',(31.833486111617,2.00560785479773,1.62520166666844));
#4460=CARTESIAN_POINT('Ctrl Pts',(31.5021933279104,2.09437748865016,1.28908415128656));
#4461=CARTESIAN_POINT('Ctrl Pts',(31.3154182560357,2.14442371832527,1.08156074216903));
#4462=CARTESIAN_POINT('Ctrl Pts',(31.24918595984,2.16217060860376,1.00657166340187));
#4463=CARTESIAN_POINT('Origin',(45.9834047271759,-6.96223231325781,2.03799293286851));
#4464=CARTESIAN_POINT('',(45.9834047271759,-6.96223231325781,9.9620070671315));
#4465=CARTESIAN_POINT('',(45.9834047271759,-6.96223231325781,1.01899646643426));
#4466=CARTESIAN_POINT('',(47.2774999526885,-2.13260318181247,9.9620070671315));
#4467=CARTESIAN_POINT('',(45.9834047271759,-6.96223231325781,9.9620070671315));
#4468=CARTESIAN_POINT('',(47.2774999526885,-2.13260318181247,4.01899646643426));
#4469=CARTESIAN_POINT('Origin',(32.6536283243868,-3.39052949084303,9.9620070671315));
#4470=CARTESIAN_POINT('',(33.9477235498994,1.43909964060231,9.9620070671315));
#4471=CARTESIAN_POINT('',(33.9477235498994,1.43909964060231,7.98100353356575));
#4472=CARTESIAN_POINT('',(32.6536283243868,-3.39052949084303,9.9620070671315));
#4473=CARTESIAN_POINT('',(32.6536283243868,-3.39052949084303,9.9620070671315));
#4474=CARTESIAN_POINT('',(32.6536283243868,-3.39052949084303,4.98100353356575));
#4475=CARTESIAN_POINT('Origin',(0.,-7.10823255462856,0.));
#4476=CARTESIAN_POINT('',(58.6370330515627,-10.3527618041008,0.));
#4477=CARTESIAN_POINT('',(20.,0.,0.));
#4478=CARTESIAN_POINT('',(57.6017568711526,-14.2164651092571,0.));
#4479=CARTESIAN_POINT('Origin',(40.612611751294,-0.346751770605079,6.));
#4480=CARTESIAN_POINT('Origin',(31.0016497797177,2.228497728165,6.));
#4481=CARTESIAN_POINT('',(32.9335014322959,1.71085963795996,6.));
#4482=CARTESIAN_POINT('Origin',(31.0016497797177,2.228497728165,6.));
#4483=CARTESIAN_POINT('Origin',(58.6370330515627,-10.3527618041008,0.));
#4484=CARTESIAN_POINT('Origin',(29.7075545542051,-2.60113140328034,6.));
#4485=CARTESIAN_POINT('',(58.6370330515627,-10.3527618041008,12.));
#4486=CARTESIAN_POINT('',(20.,0.,12.));
#4487=CARTESIAN_POINT('',(58.6370330515627,-10.3527618041008,0.));
#4488=CARTESIAN_POINT('Origin',(48.9294784973576,-7.7516304008205,6.));
#4489=CARTESIAN_POINT('Origin',(-48.9294784973576,-7.7516304008205,6.));
#4490=CARTESIAN_POINT('',(-46.9976268447795,-7.23399231061546,6.));
#4491=CARTESIAN_POINT('',(-46.9976268447795,-7.23399231061546,6.));
#4492=CARTESIAN_POINT('Origin',(-48.9294784973576,-7.75163040082051,6.));
#4493=CARTESIAN_POINT('Origin',(-48.9294784973576,-7.7516304008205,6.));
#4494=CARTESIAN_POINT('Origin',(-20.,0.,0.));
#4495=CARTESIAN_POINT('Origin',(29.7075545542051,-2.60113140328034,6.));
#4496=CARTESIAN_POINT('',(31.6394062067833,-3.11876949348538,6.));
#4497=CARTESIAN_POINT('',(31.6394062067833,-3.11876949348538,6.));
#4498=CARTESIAN_POINT('Origin',(29.7075545542051,-2.60113140328034,6.));
#4499=CARTESIAN_POINT('Origin',(29.7075545542051,-2.60113140328034,6.));
#4500=CARTESIAN_POINT('Origin',(58.6370330515627,-10.3527618041008,0.));
#4501=CARTESIAN_POINT('Origin',(-29.7075545542051,-2.60113140328034,6.));
#4502=CARTESIAN_POINT('',(-29.0697981271396,2.74613581837005,6.));
#4503=CARTESIAN_POINT('Origin',(-31.0016497797177,2.228497728165,6.));
#4504=CARTESIAN_POINT('',(-27.775702901627,-2.08349331307529,6.));
#4505=CARTESIAN_POINT('',(-27.775702901627,-2.08349331307529,6.));
#4506=CARTESIAN_POINT('Origin',(-29.7075545542051,-2.60113140328034,6.));
#4507=CARTESIAN_POINT('Origin',(-29.7075545542051,-2.60113140328034,6.));
#4508=CARTESIAN_POINT('Origin',(-31.0016497797177,2.228497728165,6.));
#4509=CARTESIAN_POINT('Origin',(-40.612611751294,-0.346751770605079,6.));
#4510=CARTESIAN_POINT('Origin',(-20.,0.,0.));
#4511=CARTESIAN_POINT('Origin',(-9.95,0.,6.));
#4512=CARTESIAN_POINT('',(-7.95,0.,6.));
#4513=CARTESIAN_POINT('',(-7.95,0.,6.));
#4514=CARTESIAN_POINT('Origin',(-9.95,0.,6.));
#4515=CARTESIAN_POINT('Origin',(-9.95,0.,6.));
#4516=CARTESIAN_POINT('Origin',(20.,0.,0.));
#4517=CARTESIAN_POINT('Origin',(48.9294784973576,-7.7516304008205,6.));
#4518=CARTESIAN_POINT('',(52.1554253754483,-3.4396393595802,6.));
#4519=CARTESIAN_POINT('Origin',(50.2235737228702,-2.92200126937516,6.));
#4520=CARTESIAN_POINT('',(50.8613301499357,-8.26926849102555,6.));
#4521=CARTESIAN_POINT('',(50.8613301499357,-8.26926849102555,6.));
#4522=CARTESIAN_POINT('Origin',(48.9294784973576,-7.7516304008205,6.));
#4523=CARTESIAN_POINT('Origin',(48.9294784973576,-7.7516304008205,6.));
#4524=CARTESIAN_POINT('Origin',(50.2235737228702,-2.92200126937516,6.));
#4525=CARTESIAN_POINT('Origin',(40.612611751294,-0.346751770605079,6.));
#4526=CARTESIAN_POINT('Origin',(58.6370330515627,-10.3527618041008,0.));
#4527=CARTESIAN_POINT('Origin',(9.95,0.,6.));
#4528=CARTESIAN_POINT('',(11.95,5.,6.));
#4529=CARTESIAN_POINT('Origin',(9.95,5.,6.));
#4530=CARTESIAN_POINT('',(11.95,0.,6.));
#4531=CARTESIAN_POINT('',(11.95,0.,6.));
#4532=CARTESIAN_POINT('Origin',(9.95,0.,6.));
#4533=CARTESIAN_POINT('Origin',(9.95,0.,6.));
#4534=CARTESIAN_POINT('Origin',(9.95,5.,6.));
#4535=CARTESIAN_POINT('Origin',(0.,5.,6.));
#4536=CARTESIAN_POINT('Origin',(20.,0.,0.));
#4537=CARTESIAN_POINT('Origin',(-58.6370330515627,-10.3527618041008,0.));
#4538=CARTESIAN_POINT('',(-57.6017568711526,-14.2164651092571,12.));
#4539=CARTESIAN_POINT('Origin',(57.6017568711526,-14.2164651092571,0.));
#4540=CARTESIAN_POINT('',(57.6017568711526,-14.2164651092571,12.));
#4541=CARTESIAN_POINT('Origin',(0.,-7.10823255462856,12.));
#4542=CARTESIAN_POINT('',(0.,0.,0.));
#4543=CARTESIAN_POINT('',(0.,0.,0.));
#4544=CARTESIAN_POINT('Origin',(-9.95000000000063,2.58909039429757E-13,
0.));
#4545=CARTESIAN_POINT('',(-11.5000000000006,2.58719219175889E-13,1.6));
#4546=CARTESIAN_POINT('Origin',(-9.95000000000063,2.58909039429757E-13,
1.6));
#4547=CARTESIAN_POINT('',(-11.5000000000006,2.58719219175889E-13,0.));
#4548=CARTESIAN_POINT('',(-11.5000000000006,2.58719219175889E-13,0.));
#4549=CARTESIAN_POINT('Origin',(-9.95000000000063,2.58909039429757E-13,
0.));
#4550=CARTESIAN_POINT('Origin',(9.94999999999938,2.59929892331277E-13,0.));
#4551=CARTESIAN_POINT('',(8.39999999999938,2.59740072077409E-13,1.6));
#4552=CARTESIAN_POINT('Origin',(9.94999999999938,2.59929892331277E-13,1.6));
#4553=CARTESIAN_POINT('',(8.39999999999938,2.59740072077409E-13,0.));
#4554=CARTESIAN_POINT('',(8.39999999999938,2.59740072077409E-13,0.));
#4555=CARTESIAN_POINT('Origin',(9.94999999999938,2.59929892331277E-13,0.));
#4556=CARTESIAN_POINT('Origin',(7.39999999999936,5.10000000000026,0.));
#4557=CARTESIAN_POINT('',(-7.40000000000063,5.10000000000026,0.));
#4558=CARTESIAN_POINT('',(7.39999999999936,5.10000000000026,0.));
#4559=CARTESIAN_POINT('',(-12.5000000000006,5.10000000000026,0.));
#4560=CARTESIAN_POINT('',(-7.40000000000063,5.10000000000026,1.6));
#4561=CARTESIAN_POINT('',(-7.40000000000063,5.10000000000026,0.));
#4562=CARTESIAN_POINT('',(7.39999999999936,5.10000000000026,1.6));
#4563=CARTESIAN_POINT('',(-12.5000000000006,5.10000000000026,1.6));
#4564=CARTESIAN_POINT('',(7.39999999999936,5.10000000000026,0.));
#4565=CARTESIAN_POINT('Origin',(7.39999999999937,2.55000000000026,0.));
#4566=CARTESIAN_POINT('',(7.39999999999937,2.55000000000026,0.));
#4567=CARTESIAN_POINT('',(7.39999999999936,5.10000000000026,0.));
#4568=CARTESIAN_POINT('',(7.39999999999937,2.55000000000026,1.6));
#4569=CARTESIAN_POINT('',(7.39999999999936,5.10000000000026,1.6));
#4570=CARTESIAN_POINT('',(7.39999999999937,2.55000000000026,0.));
#4571=CARTESIAN_POINT('Origin',(9.94999999999937,2.55000000000026,0.));
#4572=CARTESIAN_POINT('',(9.94999999999937,2.55000000000026,0.));
#4573=CARTESIAN_POINT('',(9.94999999999937,2.55000000000026,0.));
#4574=CARTESIAN_POINT('',(9.94999999999937,2.55000000000026,1.6));
#4575=CARTESIAN_POINT('',(9.94999999999937,2.55000000000026,1.6));
#4576=CARTESIAN_POINT('',(9.94999999999937,2.55000000000026,0.));
#4577=CARTESIAN_POINT('Origin',(9.94999999999938,2.59929892331277E-13,0.));
#4578=CARTESIAN_POINT('',(9.94999999999939,-2.54999999999974,0.));
#4579=CARTESIAN_POINT('Origin',(9.94999999999938,2.59929892331277E-13,0.));
#4580=CARTESIAN_POINT('',(9.94999999999939,-2.54999999999974,1.6));
#4581=CARTESIAN_POINT('Origin',(9.94999999999938,2.59929892331277E-13,1.6));
#4582=CARTESIAN_POINT('',(9.94999999999939,-2.54999999999974,0.));
#4583=CARTESIAN_POINT('Origin',(7.39999999999939,-2.54999999999974,0.));
#4584=CARTESIAN_POINT('',(7.39999999999939,-2.54999999999974,0.));
#4585=CARTESIAN_POINT('',(9.94999999999939,-2.54999999999974,0.));
#4586=CARTESIAN_POINT('',(7.39999999999939,-2.54999999999974,1.6));
#4587=CARTESIAN_POINT('',(9.94999999999939,-2.54999999999974,1.6));
#4588=CARTESIAN_POINT('',(7.39999999999939,-2.54999999999974,0.));
#4589=CARTESIAN_POINT('Origin',(7.3999999999994,-5.09999999999974,0.));
#4590=CARTESIAN_POINT('',(7.3999999999994,-5.09999999999974,0.));
#4591=CARTESIAN_POINT('',(7.39999999999936,5.10000000000026,0.));
#4592=CARTESIAN_POINT('',(7.3999999999994,-5.09999999999974,1.6));
#4593=CARTESIAN_POINT('',(7.39999999999936,5.10000000000026,1.6));
#4594=CARTESIAN_POINT('',(7.3999999999994,-5.09999999999974,0.));
#4595=CARTESIAN_POINT('Origin',(-7.40000000000063,-5.09999999999974,0.));
#4596=CARTESIAN_POINT('',(-7.40000000000063,-5.09999999999974,0.));
#4597=CARTESIAN_POINT('',(12.4999999999994,-5.09999999999974,0.));
#4598=CARTESIAN_POINT('',(-7.40000000000063,-5.09999999999974,1.6));
#4599=CARTESIAN_POINT('',(12.4999999999994,-5.09999999999974,1.6));
#4600=CARTESIAN_POINT('',(-7.40000000000063,-5.09999999999974,0.));
#4601=CARTESIAN_POINT('Origin',(-7.40000000000063,-2.54999999999974,0.));
#4602=CARTESIAN_POINT('',(-7.40000000000063,-2.54999999999974,0.));
#4603=CARTESIAN_POINT('',(-7.40000000000063,5.10000000000026,0.));
#4604=CARTESIAN_POINT('',(-7.40000000000063,-2.54999999999974,1.6));
#4605=CARTESIAN_POINT('',(-7.40000000000063,5.10000000000026,1.6));
#4606=CARTESIAN_POINT('',(-7.40000000000063,-2.54999999999974,0.));
#4607=CARTESIAN_POINT('Origin',(-9.95000000000063,-2.54999999999974,0.));
#4608=CARTESIAN_POINT('',(-9.95000000000063,-2.54999999999974,0.));
#4609=CARTESIAN_POINT('',(-9.95000000000063,-2.54999999999974,0.));
#4610=CARTESIAN_POINT('',(-9.95000000000063,-2.54999999999974,1.6));
#4611=CARTESIAN_POINT('',(-9.95000000000063,-2.54999999999974,1.6));
#4612=CARTESIAN_POINT('',(-9.95000000000063,-2.54999999999974,0.));
#4613=CARTESIAN_POINT('Origin',(-9.95000000000063,2.58909039429757E-13,
0.));
#4614=CARTESIAN_POINT('',(-9.95000000000063,2.55000000000026,0.));
#4615=CARTESIAN_POINT('Origin',(-9.95000000000063,2.58909039429757E-13,
0.));
#4616=CARTESIAN_POINT('',(-9.95000000000063,2.55000000000026,1.6));
#4617=CARTESIAN_POINT('Origin',(-9.95000000000063,2.58909039429757E-13,
1.6));
#4618=CARTESIAN_POINT('',(-9.95000000000063,2.55000000000026,0.));
#4619=CARTESIAN_POINT('Origin',(-7.40000000000063,2.55000000000026,0.));
#4620=CARTESIAN_POINT('',(-7.40000000000063,2.55000000000026,0.));
#4621=CARTESIAN_POINT('',(-9.95000000000063,2.55000000000026,0.));
#4622=CARTESIAN_POINT('',(-7.40000000000063,2.55000000000026,1.6));
#4623=CARTESIAN_POINT('',(-9.95000000000063,2.55000000000026,1.6));
#4624=CARTESIAN_POINT('',(-7.40000000000063,2.55000000000026,0.));
#4625=CARTESIAN_POINT('Origin',(-7.40000000000063,5.10000000000026,0.));
#4626=CARTESIAN_POINT('',(-7.40000000000063,5.10000000000026,0.));
#4627=CARTESIAN_POINT('',(-7.40000000000063,5.10000000000026,1.6));
#4628=CARTESIAN_POINT('Origin',(-6.26165785888588E-13,2.57571741713036E-13,
1.6));
#4629=CARTESIAN_POINT('Origin',(-6.26165785888588E-13,2.57571741713036E-13,
0.));
#4630=CARTESIAN_POINT('',(6.21724893790088E-13,6.6,5.99999999999974));
#4631=CARTESIAN_POINT('',(-41.0267222234574,1.19872955145759,5.99999999999974));
#4632=CARTESIAN_POINT('',(41.0267222234586,1.19872955145726,5.99999999999974));
#4633=CARTESIAN_POINT('',(0.,0.,0.));
#4634=CARTESIAN_POINT('',(0.,0.,0.));
#4635=UNCERTAINTY_MEASURE_WITH_UNIT(LENGTH_MEASURE(0.01),#4645,
'DISTANCE_ACCURACY_VALUE',
'Maximum model space distance between geometric entities at asserted c
onnectivities');
#4636=UNCERTAINTY_MEASURE_WITH_UNIT(LENGTH_MEASURE(0.01),#4645,
'DISTANCE_ACCURACY_VALUE',
'Maximum model space distance between geometric entities at asserted c
onnectivities');
#4637=UNCERTAINTY_MEASURE_WITH_UNIT(LENGTH_MEASURE(0.01),#4645,
'DISTANCE_ACCURACY_VALUE',
'Maximum model space distance between geometric entities at asserted c
onnectivities');
#4638=UNCERTAINTY_MEASURE_WITH_UNIT(LENGTH_MEASURE(0.01),#4645,
'DISTANCE_ACCURACY_VALUE',
'Maximum model space distance between geometric entities at asserted c
onnectivities');
#4639=UNCERTAINTY_MEASURE_WITH_UNIT(LENGTH_MEASURE(0.01),#4645,
'DISTANCE_ACCURACY_VALUE',
'Maximum model space distance between geometric entities at asserted c
onnectivities');
#4640=(
GEOMETRIC_REPRESENTATION_CONTEXT(3)
GLOBAL_UNCERTAINTY_ASSIGNED_CONTEXT((#4635))
GLOBAL_UNIT_ASSIGNED_CONTEXT((#4645,#4647,#4648))
REPRESENTATION_CONTEXT('','3D')
);
#4641=(
GEOMETRIC_REPRESENTATION_CONTEXT(3)
GLOBAL_UNCERTAINTY_ASSIGNED_CONTEXT((#4636))
GLOBAL_UNIT_ASSIGNED_CONTEXT((#4645,#4647,#4648))
REPRESENTATION_CONTEXT('','3D')
);
#4642=(
GEOMETRIC_REPRESENTATION_CONTEXT(3)
GLOBAL_UNCERTAINTY_ASSIGNED_CONTEXT((#4637))
GLOBAL_UNIT_ASSIGNED_CONTEXT((#4645,#4647,#4648))
REPRESENTATION_CONTEXT('','3D')
);
#4643=(
GEOMETRIC_REPRESENTATION_CONTEXT(3)
GLOBAL_UNCERTAINTY_ASSIGNED_CONTEXT((#4638))
GLOBAL_UNIT_ASSIGNED_CONTEXT((#4645,#4647,#4648))
REPRESENTATION_CONTEXT('','3D')
);
#4644=(
GEOMETRIC_REPRESENTATION_CONTEXT(3)
GLOBAL_UNCERTAINTY_ASSIGNED_CONTEXT((#4639))
GLOBAL_UNIT_ASSIGNED_CONTEXT((#4645,#4647,#4648))
REPRESENTATION_CONTEXT('','3D')
);
#4645=(
LENGTH_UNIT()
NAMED_UNIT(*)
SI_UNIT(.MILLI.,.METRE.)
);
#4646=(
LENGTH_UNIT()
NAMED_UNIT(*)
SI_UNIT($,.METRE.)
);
#4647=(
NAMED_UNIT(*)
PLANE_ANGLE_UNIT()
SI_UNIT($,.RADIAN.)
);
#4648=(
NAMED_UNIT(*)
SI_UNIT($,.STERADIAN.)
SOLID_ANGLE_UNIT()
);
#4649=SHAPE_DEFINITION_REPRESENTATION(#4653,#4662);
#4650=SHAPE_DEFINITION_REPRESENTATION(#4654,#4663);
#4651=SHAPE_DEFINITION_REPRESENTATION(#4655,#4664);
#4652=SHAPE_DEFINITION_REPRESENTATION(#4656,#4665);
#4653=PRODUCT_DEFINITION_SHAPE('',$,#4667);
#4654=PRODUCT_DEFINITION_SHAPE('',$,#4668);
#4655=PRODUCT_DEFINITION_SHAPE('',$,#4669);
#4656=PRODUCT_DEFINITION_SHAPE('',$,#4670);
#4657=PRODUCT_DEFINITION_SHAPE($,$,#26);
#4658=PRODUCT_DEFINITION_SHAPE($,$,#27);
#4659=PRODUCT_DEFINITION_SHAPE($,$,#28);
#4660=PRODUCT_DEFINITION_SHAPE($,$,#29);
#4661=PRODUCT_DEFINITION_SHAPE($,$,#30);
#4662=SHAPE_REPRESENTATION('',(#2441,#2630,#2631),#4640);
#4663=SHAPE_REPRESENTATION('',(#2442),#4641);
#4664=SHAPE_REPRESENTATION('',(#2601,#2627,#2628,#2629),#4642);
#4665=SHAPE_REPRESENTATION('',(#2602),#4643);
#4666=PRODUCT_DEFINITION_CONTEXT('part definition',#4680,'design');
#4667=PRODUCT_DEFINITION('Halterung ToF Sensor',
'Halterung ToF Sensor v2',#4671,#4666);
#4668=PRODUCT_DEFINITION('Sensor Halterung','Sensor Halterung',#4672,#4666);
#4669=PRODUCT_DEFINITION('Sensoren','Sensoren',#4673,#4666);
#4670=PRODUCT_DEFINITION('Sensor','Sensor',#4674,#4666);
#4671=PRODUCT_DEFINITION_FORMATION('',$,#4682);
#4672=PRODUCT_DEFINITION_FORMATION('',$,#4683);
#4673=PRODUCT_DEFINITION_FORMATION('',$,#4684);
#4674=PRODUCT_DEFINITION_FORMATION('',$,#4685);
#4675=PRODUCT_RELATED_PRODUCT_CATEGORY('Halterung ToF Sensor v2',
'Halterung ToF Sensor v2',(#4682));
#4676=PRODUCT_RELATED_PRODUCT_CATEGORY('Sensor Halterung',
'Sensor Halterung',(#4683));
#4677=PRODUCT_RELATED_PRODUCT_CATEGORY('Sensoren','Sensoren',(#4684));
#4678=PRODUCT_RELATED_PRODUCT_CATEGORY('Sensor','Sensor',(#4685));
#4679=APPLICATION_PROTOCOL_DEFINITION('international standard',
'automotive_design',2009,#4680);
#4680=APPLICATION_CONTEXT(
'Core Data for Automotive Mechanical Design Process');
#4681=PRODUCT_CONTEXT('part definition',#4680,'mechanical');
#4682=PRODUCT('Halterung ToF Sensor','Halterung ToF Sensor v2',$,(#4681));
#4683=PRODUCT('Sensor Halterung','Sensor Halterung',$,(#4681));
#4684=PRODUCT('Sensoren','Sensoren',$,(#4681));
#4685=PRODUCT('Sensor','Sensor',$,(#4681));
#4686=PRESENTATION_STYLE_ASSIGNMENT((#4690));
#4687=PRESENTATION_STYLE_ASSIGNMENT((#4691));
#4688=PRESENTATION_STYLE_ASSIGNMENT((#4692));
#4689=PRESENTATION_STYLE_ASSIGNMENT((#4693));
#4690=SURFACE_STYLE_USAGE(.BOTH.,#4694);
#4691=SURFACE_STYLE_USAGE(.BOTH.,#4695);
#4692=SURFACE_STYLE_USAGE(.BOTH.,#4696);
#4693=SURFACE_STYLE_USAGE(.BOTH.,#4697);
#4694=SURFACE_SIDE_STYLE('',(#4698));
#4695=SURFACE_SIDE_STYLE('',(#4699));
#4696=SURFACE_SIDE_STYLE('',(#4700));
#4697=SURFACE_SIDE_STYLE('',(#4701));
#4698=SURFACE_STYLE_FILL_AREA(#4702);
#4699=SURFACE_STYLE_FILL_AREA(#4703);
#4700=SURFACE_STYLE_FILL_AREA(#4704);
#4701=SURFACE_STYLE_FILL_AREA(#4705);
#4702=FILL_AREA_STYLE('Stahl - satiniert',(#4706));
#4703=FILL_AREA_STYLE('Kunststoff - gl\X\E4nzend (Schwarz)',(#4707));
#4704=FILL_AREA_STYLE('FR4',(#4708));
#4705=FILL_AREA_STYLE('Kunststoff - gl\X\E4nzend (Rot)',(#4709));
#4706=FILL_AREA_STYLE_COLOUR('Stahl - satiniert',#4710);
#4707=FILL_AREA_STYLE_COLOUR('Kunststoff - gl\X\E4nzend (Schwarz)',#4711);
#4708=FILL_AREA_STYLE_COLOUR('FR4',#4712);
#4709=FILL_AREA_STYLE_COLOUR('Kunststoff - gl\X\E4nzend (Rot)',#4713);
#4710=COLOUR_RGB('Stahl - satiniert',0.627450980392157,0.627450980392157,
0.627450980392157);
#4711=COLOUR_RGB('Kunststoff - gl\X\E4nzend (Schwarz)',0.0980392156862745,
0.0980392156862745,0.0980392156862745);
#4712=COLOUR_RGB('FR4',0.266666666666667,0.466666666666667,0.4);
#4713=COLOUR_RGB('Kunststoff - gl\X\E4nzend (Rot)',0.662745098039216,0.117647058823529,
0.87843137254902);
ENDSEC;
END-ISO-10303-21;
